SI,e1,e2,load,fc,count,len,amp,image
0,0.1,0.07,6,0.01,8,17.33,0.794297,Snaking_E1_0_E2_0_Fric_0_load_0.jpg
1,0.1,0.07,8,0.01,7,31.82,1.7993,Snaking_E1_0_E2_0_Fric_0_load_1.jpg
2,0.1,0.07,10,0.01,11,33.88,2.26721,Snaking_E1_0_E2_0_Fric_0_load_2.jpg
3,0.1,0.07,12,0.01,10,40.09,4.42073,Snaking_E1_0_E2_0_Fric_0_load_3.jpg
4,0.1,0.07,14,0.01,12,42.01,2.53574,Snaking_E1_0_E2_0_Fric_0_load_4.jpg
5,0.1,0.07,6,5,7,14.87,1.55118,Snaking_E1_0_E2_0_Fric_1_load_0.jpg
6,0.1,0.07,8,5,13,31.36,1.77441,Snaking_E1_0_E2_0_Fric_1_load_1.jpg
7,0.1,0.07,10,5,10,34.87,2.90338,Snaking_E1_0_E2_0_Fric_1_load_2.jpg
8,0.1,0.07,12,5,9,39.86,2.56268,Snaking_E1_0_E2_0_Fric_1_load_3.jpg
9,0.1,0.07,14,5,8,42.86,3.87805,Snaking_E1_0_E2_0_Fric_1_load_4.jpg
10,0.1,0.07,6,10,8,18.76,0.969158,Snaking_E1_0_E2_0_Fric_2_load_0.jpg
11,0.1,0.07,8,10,10,30.44,1.71453,Snaking_E1_0_E2_0_Fric_2_load_1.jpg
12,0.1,0.07,10,10,9,33.4,4.12783,Snaking_E1_0_E2_0_Fric_2_load_2.jpg
13,0.1,0.07,12,10,10,37.18,3.70636,Snaking_E1_0_E2_0_Fric_2_load_3.jpg
14,0.1,0.07,14,10,10,43,4.05813,Snaking_E1_0_E2_0_Fric_2_load_4.jpg
15,0.1,0.07,6,15,9,18.81,0.911756,Snaking_E1_0_E2_0_Fric_3_load_0.jpg
16,0.1,0.07,8,15,7,26.16,2.12521,Snaking_E1_0_E2_0_Fric_3_load_1.jpg
17,0.1,0.07,10,15,9,37.18,2.85054,Snaking_E1_0_E2_0_Fric_3_load_2.jpg
18,0.1,0.07,12,15,8,34.77,4.51413,Snaking_E1_0_E2_0_Fric_3_load_3.jpg
19,0.1,0.07,14,15,10,41.74,5.89991,Snaking_E1_0_E2_0_Fric_3_load_4.jpg
20,0.1,0.07,6,20,9,19.78,0.874445,Snaking_E1_0_E2_0_Fric_4_load_0.jpg
21,0.1,0.07,8,20,8,26.22,2.05509,Snaking_E1_0_E2_0_Fric_4_load_1.jpg
22,0.1,0.07,10,20,9,35.51,3.26554,Snaking_E1_0_E2_0_Fric_4_load_2.jpg
23,0.1,0.07,12,20,9,39.83,2.67777,Snaking_E1_0_E2_0_Fric_4_load_3.jpg
24,0.1,0.07,14,20,12,44.76,4.79973,Snaking_E1_0_E2_0_Fric_4_load_4.jpg
25,0.1,0.07,6,25,7,14.88,1.46825,Snaking_E1_0_E2_0_Fric_5_load_0.jpg
26,0.1,0.07,8,25,9,31.73,2.11175,Snaking_E1_0_E2_0_Fric_5_load_1.jpg
27,0.1,0.07,10,25,10,36.3,3.45105,Snaking_E1_0_E2_0_Fric_5_load_2.jpg
28,0.1,0.07,12,25,11,39.94,2.46472,Snaking_E1_0_E2_0_Fric_5_load_3.jpg
29,0.1,0.07,14,25,7,39.81,6.02328,Snaking_E1_0_E2_0_Fric_5_load_4.jpg
30,0.1,0.07,6,30,7,14.82,1.07932,Snaking_E1_0_E2_0_Fric_6_load_0.jpg
31,0.1,0.07,8,30,9,27.46,2.59611,Snaking_E1_0_E2_0_Fric_6_load_1.jpg
32,0.1,0.07,10,30,9,37.13,1.99154,Snaking_E1_0_E2_0_Fric_6_load_2.jpg
33,0.1,0.07,12,30,9,38.17,3.84714,Snaking_E1_0_E2_0_Fric_6_load_3.jpg
34,0.1,0.07,14,30,11,45.23,1.99114,Snaking_E1_0_E2_0_Fric_6_load_4.jpg
35,0.1,0.07,6,35,7,14.39,1.39168,Snaking_E1_0_E2_0_Fric_7_load_0.jpg
36,0.1,0.07,8,35,12,31.96,2.37668,Snaking_E1_0_E2_0_Fric_7_load_1.jpg
37,0.1,0.07,10,35,9,35.04,1.6432,Snaking_E1_0_E2_0_Fric_7_load_2.jpg
38,0.1,0.07,12,35,13,39.41,1.65566,Snaking_E1_0_E2_0_Fric_7_load_3.jpg
39,0.1,0.07,14,35,9,44.47,3.60543,Snaking_E1_0_E2_0_Fric_7_load_4.jpg
40,0.1,0.07,6,40,9,19.81,0.896268,Snaking_E1_0_E2_0_Fric_8_load_0.jpg
41,0.1,0.07,8,40,10,30.83,1.87697,Snaking_E1_0_E2_0_Fric_8_load_1.jpg
42,0.1,0.07,10,40,12,36.33,2.13852,Snaking_E1_0_E2_0_Fric_8_load_2.jpg
43,0.1,0.07,12,40,8,40.88,2.71735,Snaking_E1_0_E2_0_Fric_8_load_3.jpg
44,0.1,0.07,14,40,8,43.6,2.75083,Snaking_E1_0_E2_0_Fric_8_load_4.jpg
45,0.1,0.07,6,45,8,18.35,1.60057,Snaking_E1_0_E2_0_Fric_9_load_0.jpg
46,0.1,0.07,8,45,7,30.81,1.85849,Snaking_E1_0_E2_0_Fric_9_load_1.jpg
47,0.1,0.07,10,45,10,31.37,2.51309,Snaking_E1_0_E2_0_Fric_9_load_2.jpg
48,0.1,0.07,12,45,10,37.65,4.58378,Snaking_E1_0_E2_0_Fric_9_load_3.jpg
49,0.1,0.07,14,45,8,43.59,4.0319,Snaking_E1_0_E2_0_Fric_9_load_4.jpg
50,0.1,0.08,6,0.01,7,15.39,1.5279,Snaking_E1_0_E2_1_Fric_0_load_0.jpg
51,0.1,0.08,8,0.01,11,30.46,1.44665,Snaking_E1_0_E2_1_Fric_0_load_1.jpg
52,0.1,0.08,10,0.01,10,34.38,3.81965,Snaking_E1_0_E2_1_Fric_0_load_2.jpg
53,0.1,0.08,12,0.01,9,35.93,2.29383,Snaking_E1_0_E2_1_Fric_0_load_3.jpg
54,0.1,0.08,14,0.01,13,43.1,2.95399,Snaking_E1_0_E2_1_Fric_0_load_4.jpg
55,0.1,0.08,6,5,7,14.37,1.28279,Snaking_E1_0_E2_1_Fric_1_load_0.jpg
56,0.1,0.08,8,5,8,26.08,1.97337,Snaking_E1_0_E2_1_Fric_1_load_1.jpg
57,0.1,0.08,10,5,12,36.33,2.2376,Snaking_E1_0_E2_1_Fric_1_load_2.jpg
58,0.1,0.08,12,5,11,40.71,1.90102,Snaking_E1_0_E2_1_Fric_1_load_3.jpg
59,0.1,0.08,14,5,10,45.24,3.4888,Snaking_E1_0_E2_1_Fric_1_load_4.jpg
60,0.1,0.08,6,10,7,14.88,1.47667,Snaking_E1_0_E2_1_Fric_2_load_0.jpg
61,0.1,0.08,8,10,10,30.59,1.81608,Snaking_E1_0_E2_1_Fric_2_load_1.jpg
62,0.1,0.08,10,10,12,36.43,2.10422,Snaking_E1_0_E2_1_Fric_2_load_2.jpg
63,0.1,0.08,12,10,10,37.19,2.74042,Snaking_E1_0_E2_1_Fric_2_load_3.jpg
64,0.1,0.08,14,10,8,43.48,2.69946,Snaking_E1_0_E2_1_Fric_2_load_4.jpg
65,0.1,0.08,6,15,6,12.37,1.32445,Snaking_E1_0_E2_1_Fric_3_load_0.jpg
66,0.1,0.08,8,15,9,26.59,2.2632,Snaking_E1_0_E2_1_Fric_3_load_1.jpg
67,0.1,0.08,10,15,11,34.91,2.26512,Snaking_E1_0_E2_1_Fric_3_load_2.jpg
68,0.1,0.08,12,15,9,40.75,2.40859,Snaking_E1_0_E2_1_Fric_3_load_3.jpg
69,0.1,0.08,14,15,10,42.98,4.01736,Snaking_E1_0_E2_1_Fric_3_load_4.jpg
70,0.1,0.08,6,20,8,16.78,0.689971,Snaking_E1_0_E2_1_Fric_4_load_0.jpg
71,0.1,0.08,8,20,8,28.72,1.78791,Snaking_E1_0_E2_1_Fric_4_load_1.jpg
72,0.1,0.08,10,20,8,36.48,3.47594,Snaking_E1_0_E2_1_Fric_4_load_2.jpg
73,0.1,0.08,12,20,10,36.91,1.70396,Snaking_E1_0_E2_1_Fric_4_load_3.jpg
74,0.1,0.08,14,20,11,43.95,6.02162,Snaking_E1_0_E2_1_Fric_4_load_4.jpg
75,0.1,0.08,6,25,7,14.35,1.19013,Snaking_E1_0_E2_1_Fric_5_load_0.jpg
76,0.1,0.08,8,25,9,28.68,1.77564,Snaking_E1_0_E2_1_Fric_5_load_1.jpg
77,0.1,0.08,10,25,8,34.93,2.72667,Snaking_E1_0_E2_1_Fric_5_load_2.jpg
78,0.1,0.08,12,25,10,39.16,2.87465,Snaking_E1_0_E2_1_Fric_5_load_3.jpg
79,0.1,0.08,14,25,9,46.15,5.3526,Snaking_E1_0_E2_1_Fric_5_load_4.jpg
80,0.1,0.08,6,30,7,14.85,1.10648,Snaking_E1_0_E2_1_Fric_6_load_0.jpg
81,0.1,0.08,8,30,8,32.75,2.20988,Snaking_E1_0_E2_1_Fric_6_load_1.jpg
82,0.1,0.08,10,30,9,35.94,2.88278,Snaking_E1_0_E2_1_Fric_6_load_2.jpg
83,0.1,0.08,12,30,11,40.26,3.28009,Snaking_E1_0_E2_1_Fric_6_load_3.jpg
84,0.1,0.08,14,30,10,43.95,2.8937,Snaking_E1_0_E2_1_Fric_6_load_4.jpg
85,0.1,0.08,6,35,7,14.32,1.06186,Snaking_E1_0_E2_1_Fric_7_load_0.jpg
86,0.1,0.08,8,35,9,29.68,1.88463,Snaking_E1_0_E2_1_Fric_7_load_1.jpg
87,0.1,0.08,10,35,8,35.29,3.33633,Snaking_E1_0_E2_1_Fric_7_load_2.jpg
88,0.1,0.08,12,35,11,40.87,2.3023,Snaking_E1_0_E2_1_Fric_7_load_3.jpg
89,0.1,0.08,14,35,8,43.59,3.05252,Snaking_E1_0_E2_1_Fric_7_load_4.jpg
90,0.1,0.08,6,40,6,11.9,1.03118,Snaking_E1_0_E2_1_Fric_8_load_0.jpg
91,0.1,0.08,8,40,7,27.53,2.20153,Snaking_E1_0_E2_1_Fric_8_load_1.jpg
92,0.1,0.08,10,40,9,37.58,2.78537,Snaking_E1_0_E2_1_Fric_8_load_2.jpg
93,0.1,0.08,12,40,9,40.6,2.21357,Snaking_E1_0_E2_1_Fric_8_load_3.jpg
94,0.1,0.08,14,40,10,45.82,1.5204,Snaking_E1_0_E2_1_Fric_8_load_4.jpg
95,0.1,0.08,6,45,7,14.87,1.53505,Snaking_E1_0_E2_1_Fric_9_load_0.jpg
96,0.1,0.08,8,45,9,28.56,2.22217,Snaking_E1_0_E2_1_Fric_9_load_1.jpg
97,0.1,0.08,10,45,9,32.85,2.49986,Snaking_E1_0_E2_1_Fric_9_load_2.jpg
98,0.1,0.08,12,45,9,41.72,3.52534,Snaking_E1_0_E2_1_Fric_9_load_3.jpg
99,0.1,0.08,14,45,10,46.64,4.80796,Snaking_E1_0_E2_1_Fric_9_load_4.jpg
100,0.1,0.09,6,0.01,6,11.88,1.00792,Snaking_E1_0_E2_2_Fric_0_load_0.jpg
101,0.1,0.09,8,0.01,8,32.77,2.26524,Snaking_E1_0_E2_2_Fric_0_load_1.jpg
102,0.1,0.09,10,0.01,8,32.02,2.21735,Snaking_E1_0_E2_2_Fric_0_load_2.jpg
103,0.1,0.09,12,0.01,8,40.48,2.47161,Snaking_E1_0_E2_2_Fric_0_load_3.jpg
104,0.1,0.09,14,0.01,9,43.94,3.30757,Snaking_E1_0_E2_2_Fric_0_load_4.jpg
105,0.1,0.09,6,5,6,12.85,1.20058,Snaking_E1_0_E2_2_Fric_1_load_0.jpg
106,0.1,0.09,8,5,8,27.54,1.85571,Snaking_E1_0_E2_2_Fric_1_load_1.jpg
107,0.1,0.09,10,5,9,35.46,2.91884,Snaking_E1_0_E2_2_Fric_1_load_2.jpg
108,0.1,0.09,12,5,11,41.52,3.85066,Snaking_E1_0_E2_2_Fric_1_load_3.jpg
109,0.1,0.09,14,5,12,44.27,4.04835,Snaking_E1_0_E2_2_Fric_1_load_4.jpg
110,0.1,0.09,6,10,7,14.86,1.40639,Snaking_E1_0_E2_2_Fric_2_load_0.jpg
111,0.1,0.09,8,10,7,25.79,1.93754,Snaking_E1_0_E2_2_Fric_2_load_1.jpg
112,0.1,0.09,10,10,10,36.88,2.23081,Snaking_E1_0_E2_2_Fric_2_load_2.jpg
113,0.1,0.09,12,10,10,39.74,3.04518,Snaking_E1_0_E2_2_Fric_2_load_3.jpg
114,0.1,0.09,14,10,9,43.61,2.50044,Snaking_E1_0_E2_2_Fric_2_load_4.jpg
115,0.1,0.09,6,15,7,15.34,1.10822,Snaking_E1_0_E2_2_Fric_3_load_0.jpg
116,0.1,0.09,8,15,9,28.55,1.63893,Snaking_E1_0_E2_2_Fric_3_load_1.jpg
117,0.1,0.09,10,15,9,36.01,2.37413,Snaking_E1_0_E2_2_Fric_3_load_2.jpg
118,0.1,0.09,12,15,10,42.28,3.44761,Snaking_E1_0_E2_2_Fric_3_load_3.jpg
119,0.1,0.09,14,15,12,44.27,4.67206,Snaking_E1_0_E2_2_Fric_3_load_4.jpg
120,0.1,0.09,6,20,7,13.75,0.596089,Snaking_E1_0_E2_2_Fric_4_load_0.jpg
121,0.1,0.09,8,20,10,28.53,1.77808,Snaking_E1_0_E2_2_Fric_4_load_1.jpg
122,0.1,0.09,10,20,10,33.91,2.32953,Snaking_E1_0_E2_2_Fric_4_load_2.jpg
123,0.1,0.09,12,20,8,41.41,2.43452,Snaking_E1_0_E2_2_Fric_4_load_3.jpg
124,0.1,0.09,14,20,10,43.53,2.94644,Snaking_E1_0_E2_2_Fric_4_load_4.jpg
125,0.1,0.09,6,25,6,12.86,1.22019,Snaking_E1_0_E2_2_Fric_5_load_0.jpg
126,0.1,0.09,8,25,7,24.97,2.12931,Snaking_E1_0_E2_2_Fric_5_load_1.jpg
127,0.1,0.09,10,25,11,35.84,4.23051,Snaking_E1_0_E2_2_Fric_5_load_2.jpg
128,0.1,0.09,12,25,9,37.75,3.62813,Snaking_E1_0_E2_2_Fric_5_load_3.jpg
129,0.1,0.09,14,25,9,44.51,3.41576,Snaking_E1_0_E2_2_Fric_5_load_4.jpg
130,0.1,0.09,6,30,6,11.85,0.917622,Snaking_E1_0_E2_2_Fric_6_load_0.jpg
131,0.1,0.09,8,30,7,30.24,2.1004,Snaking_E1_0_E2_2_Fric_6_load_1.jpg
132,0.1,0.09,10,30,10,33.41,2.82545,Snaking_E1_0_E2_2_Fric_6_load_2.jpg
133,0.1,0.09,12,30,12,41.07,1.84246,Snaking_E1_0_E2_2_Fric_6_load_3.jpg
134,0.1,0.09,14,30,10,44.61,3.62493,Snaking_E1_0_E2_2_Fric_6_load_4.jpg
135,0.1,0.09,6,35,7,14.81,0.846236,Snaking_E1_0_E2_2_Fric_7_load_0.jpg
136,0.1,0.09,8,35,9,32.75,1.71816,Snaking_E1_0_E2_2_Fric_7_load_1.jpg
137,0.1,0.09,10,35,11,35.13,1.84595,Snaking_E1_0_E2_2_Fric_7_load_2.jpg
138,0.1,0.09,12,35,9,40.17,3.59289,Snaking_E1_0_E2_2_Fric_7_load_3.jpg
139,0.1,0.09,14,35,10,43.96,2.23378,Snaking_E1_0_E2_2_Fric_7_load_4.jpg
140,0.1,0.09,6,40,7,15.83,0.885338,Snaking_E1_0_E2_2_Fric_8_load_0.jpg
141,0.1,0.09,8,40,10,29.48,1.46219,Snaking_E1_0_E2_2_Fric_8_load_1.jpg
142,0.1,0.09,10,40,11,35.28,3.1656,Snaking_E1_0_E2_2_Fric_8_load_2.jpg
143,0.1,0.09,12,40,9,37.05,3.67958,Snaking_E1_0_E2_2_Fric_8_load_3.jpg
144,0.1,0.09,14,40,9,43.4,5.54067,Snaking_E1_0_E2_2_Fric_8_load_4.jpg
145,0.1,0.09,6,45,8,18.23,0.721476,Snaking_E1_0_E2_2_Fric_9_load_0.jpg
146,0.1,0.09,8,45,7,24.57,1.97439,Snaking_E1_0_E2_2_Fric_9_load_1.jpg
147,0.1,0.09,10,45,9,34.78,2.48666,Snaking_E1_0_E2_2_Fric_9_load_2.jpg
148,0.1,0.09,12,45,9,39.72,2.38201,Snaking_E1_0_E2_2_Fric_9_load_3.jpg
149,0.1,0.09,14,45,8,45,4.99652,Snaking_E1_0_E2_2_Fric_9_load_4.jpg
150,0.1,0.1,6,0.01,6,12.86,1.02778,Snaking_E1_0_E2_3_Fric_0_load_0.jpg
151,0.1,0.1,8,0.01,10,27.5,1.77759,Snaking_E1_0_E2_3_Fric_0_load_1.jpg
152,0.1,0.1,10,0.01,9,35.38,2.06334,Snaking_E1_0_E2_3_Fric_0_load_2.jpg
153,0.1,0.1,12,0.01,10,42.12,3.02322,Snaking_E1_0_E2_3_Fric_0_load_3.jpg
154,0.1,0.1,14,0.01,10,44.98,2.99545,Snaking_E1_0_E2_3_Fric_0_load_4.jpg
155,0.1,0.1,6,5,6,12.38,0.998201,Snaking_E1_0_E2_3_Fric_1_load_0.jpg
156,0.1,0.1,8,5,9,28.56,1.87015,Snaking_E1_0_E2_3_Fric_1_load_1.jpg
157,0.1,0.1,10,5,9,34.41,3.87091,Snaking_E1_0_E2_3_Fric_1_load_2.jpg
158,0.1,0.1,12,5,14,42.12,2.27518,Snaking_E1_0_E2_3_Fric_1_load_3.jpg
159,0.1,0.1,14,5,10,43.55,3.31914,Snaking_E1_0_E2_3_Fric_1_load_4.jpg
160,0.1,0.1,6,10,6,12.85,1.11652,Snaking_E1_0_E2_3_Fric_2_load_0.jpg
161,0.1,0.1,8,10,10,28.55,1.93019,Snaking_E1_0_E2_3_Fric_2_load_1.jpg
162,0.1,0.1,10,10,8,33.87,3.94762,Snaking_E1_0_E2_3_Fric_2_load_2.jpg
163,0.1,0.1,12,10,8,40.62,2.22375,Snaking_E1_0_E2_3_Fric_2_load_3.jpg
164,0.1,0.1,14,10,9,45.07,5.31559,Snaking_E1_0_E2_3_Fric_2_load_4.jpg
165,0.1,0.1,6,15,7,14.35,0.782836,Snaking_E1_0_E2_3_Fric_3_load_0.jpg
166,0.1,0.1,8,15,9,31.34,2.84578,Snaking_E1_0_E2_3_Fric_3_load_1.jpg
167,0.1,0.1,10,15,11,29.69,1.79068,Snaking_E1_0_E2_3_Fric_3_load_2.jpg
168,0.1,0.1,12,15,9,39.82,4.96052,Snaking_E1_0_E2_3_Fric_3_load_3.jpg
169,0.1,0.1,14,15,8,42.71,6.36631,Snaking_E1_0_E2_3_Fric_3_load_4.jpg
170,0.1,0.1,6,20,6,11.88,0.733676,Snaking_E1_0_E2_3_Fric_4_load_0.jpg
171,0.1,0.1,8,20,9,27.4,1.85137,Snaking_E1_0_E2_3_Fric_4_load_1.jpg
172,0.1,0.1,10,20,8,36.01,2.30259,Snaking_E1_0_E2_3_Fric_4_load_2.jpg
173,0.1,0.1,12,20,7,41.37,2.08322,Snaking_E1_0_E2_3_Fric_4_load_3.jpg
174,0.1,0.1,14,20,12,44.7,3.70996,Snaking_E1_0_E2_3_Fric_4_load_4.jpg
175,0.1,0.1,6,25,7,14.32,0.670636,Snaking_E1_0_E2_3_Fric_5_load_0.jpg
176,0.1,0.1,8,25,9,33.21,1.847,Snaking_E1_0_E2_3_Fric_5_load_1.jpg
177,0.1,0.1,10,25,10,35.96,1.94425,Snaking_E1_0_E2_3_Fric_5_load_2.jpg
178,0.1,0.1,12,25,10,41.81,2.6918,Snaking_E1_0_E2_3_Fric_5_load_3.jpg
179,0.1,0.1,14,25,8,46.5,3.17519,Snaking_E1_0_E2_3_Fric_5_load_4.jpg
180,0.1,0.1,6,30,6,12.35,0.792174,Snaking_E1_0_E2_3_Fric_6_load_0.jpg
181,0.1,0.1,8,30,9,29.16,1.63216,Snaking_E1_0_E2_3_Fric_6_load_1.jpg
182,0.1,0.1,10,30,10,35.42,1.94347,Snaking_E1_0_E2_3_Fric_6_load_2.jpg
183,0.1,0.1,12,30,11,38.09,2.91121,Snaking_E1_0_E2_3_Fric_6_load_3.jpg
184,0.1,0.1,14,30,8,45.59,3.84839,Snaking_E1_0_E2_3_Fric_6_load_4.jpg
185,0.1,0.1,6,35,6,12.86,1.2814,Snaking_E1_0_E2_3_Fric_7_load_0.jpg
186,0.1,0.1,8,35,9,32.13,2.29029,Snaking_E1_0_E2_3_Fric_7_load_1.jpg
187,0.1,0.1,10,35,8,34.46,2.29402,Snaking_E1_0_E2_3_Fric_7_load_2.jpg
188,0.1,0.1,12,35,6,42.22,5.24838,Snaking_E1_0_E2_3_Fric_7_load_3.jpg
189,0.1,0.1,14,35,11,43.37,2.99304,Snaking_E1_0_E2_3_Fric_7_load_4.jpg
190,0.1,0.1,6,40,6,13.33,1.25331,Snaking_E1_0_E2_3_Fric_8_load_0.jpg
191,0.1,0.1,8,40,8,33.22,2.0345,Snaking_E1_0_E2_3_Fric_8_load_1.jpg
192,0.1,0.1,10,40,8,35.47,2.40971,Snaking_E1_0_E2_3_Fric_8_load_2.jpg
193,0.1,0.1,12,40,13,40.85,2.54479,Snaking_E1_0_E2_3_Fric_8_load_3.jpg
194,0.1,0.1,14,40,9,43.9,5.63954,Snaking_E1_0_E2_3_Fric_8_load_4.jpg
195,0.1,0.1,6,45,7,14.77,0.627533,Snaking_E1_0_E2_3_Fric_9_load_0.jpg
196,0.1,0.1,8,45,10,29.91,1.68594,Snaking_E1_0_E2_3_Fric_9_load_1.jpg
197,0.1,0.1,10,45,9,32.36,3.80806,Snaking_E1_0_E2_3_Fric_9_load_2.jpg
198,0.1,0.1,12,45,9,41.32,2.40284,Snaking_E1_0_E2_3_Fric_9_load_3.jpg
199,0.1,0.1,14,45,8,46.03,4.32605,Snaking_E1_0_E2_3_Fric_9_load_4.jpg
200,0.1,0.15,6,0.01,5,9.36,0.441386,Snaking_E1_0_E2_4_Fric_0_load_0.jpg
201,0.1,0.15,8,0.01,10,26.4,1.39611,Snaking_E1_0_E2_4_Fric_0_load_1.jpg
202,0.1,0.15,10,0.01,9,34.28,3.23679,Snaking_E1_0_E2_4_Fric_0_load_2.jpg
203,0.1,0.15,12,0.01,6,38.12,2.75739,Snaking_E1_0_E2_4_Fric_0_load_3.jpg
204,0.1,0.15,14,0.01,10,47.45,2.83355,Snaking_E1_0_E2_4_Fric_0_load_4.jpg
205,0.1,0.15,6,5,5,9.35,0.373068,Snaking_E1_0_E2_4_Fric_1_load_0.jpg
206,0.1,0.15,8,5,10,26.4,1.39365,Snaking_E1_0_E2_4_Fric_1_load_1.jpg
207,0.1,0.15,10,5,7,37.84,2.57575,Snaking_E1_0_E2_4_Fric_1_load_2.jpg
208,0.1,0.15,12,5,6,42.13,2.41046,Snaking_E1_0_E2_4_Fric_1_load_3.jpg
209,0.1,0.15,14,5,8,42.51,3.35796,Snaking_E1_0_E2_4_Fric_1_load_4.jpg
210,0.1,0.15,6,10,4,6.87,0.401657,Snaking_E1_0_E2_4_Fric_2_load_0.jpg
211,0.1,0.15,8,10,10,29.01,1.72186,Snaking_E1_0_E2_4_Fric_2_load_1.jpg
212,0.1,0.15,10,10,7,37.84,2.30037,Snaking_E1_0_E2_4_Fric_2_load_2.jpg
213,0.1,0.15,12,10,11,40.16,2.49463,Snaking_E1_0_E2_4_Fric_2_load_3.jpg
214,0.1,0.15,14,10,11,42.61,3.17233,Snaking_E1_0_E2_4_Fric_2_load_4.jpg
215,0.1,0.15,6,15,4,6.9,0.41036,Snaking_E1_0_E2_4_Fric_3_load_0.jpg
216,0.1,0.15,8,15,10,29.97,2.08608,Snaking_E1_0_E2_4_Fric_3_load_1.jpg
217,0.1,0.15,10,15,6,33.45,2.6418,Snaking_E1_0_E2_4_Fric_3_load_2.jpg
218,0.1,0.15,12,15,7,41.69,2.44144,Snaking_E1_0_E2_4_Fric_3_load_3.jpg
219,0.1,0.15,14,15,10,42.82,4.01082,Snaking_E1_0_E2_4_Fric_3_load_4.jpg
220,0.1,0.15,6,20,5,9.9,0.440873,Snaking_E1_0_E2_4_Fric_4_load_0.jpg
221,0.1,0.15,8,20,8,31.09,2.2395,Snaking_E1_0_E2_4_Fric_4_load_1.jpg
222,0.1,0.15,10,20,9,35.37,2.54643,Snaking_E1_0_E2_4_Fric_4_load_2.jpg
223,0.1,0.15,12,20,5,23.52,2.65319,Snaking_E1_0_E2_4_Fric_4_load_3.jpg
224,0.1,0.15,14,20,8,35.41,2.86834,Snaking_E1_0_E2_4_Fric_4_load_4.jpg
225,0.1,0.15,6,25,5,8.85,0.391483,Snaking_E1_0_E2_4_Fric_5_load_0.jpg
226,0.1,0.15,8,25,9,26.9,1.64935,Snaking_E1_0_E2_4_Fric_5_load_1.jpg
227,0.1,0.15,10,25,10,34.38,2.44619,Snaking_E1_0_E2_4_Fric_5_load_2.jpg
228,0.1,0.15,12,25,7,41.65,2.66921,Snaking_E1_0_E2_4_Fric_5_load_3.jpg
229,0.1,0.15,14,25,8,48.34,3.97133,Snaking_E1_0_E2_4_Fric_5_load_4.jpg
230,0.1,0.15,6,30,4,6.88,0.397441,Snaking_E1_0_E2_4_Fric_6_load_0.jpg
231,0.1,0.15,8,30,10,29.49,1.33857,Snaking_E1_0_E2_4_Fric_6_load_1.jpg
232,0.1,0.15,10,30,9,34.82,2.89671,Snaking_E1_0_E2_4_Fric_6_load_2.jpg
233,0.1,0.15,12,30,6,42.04,3.35468,Snaking_E1_0_E2_4_Fric_6_load_3.jpg
234,0.1,0.15,14,30,8,43.75,4.51228,Snaking_E1_0_E2_4_Fric_6_load_4.jpg
235,0.1,0.15,6,35,5,9.35,0.394781,Snaking_E1_0_E2_4_Fric_7_load_0.jpg
236,0.1,0.15,8,35,9,25.97,1.27193,Snaking_E1_0_E2_4_Fric_7_load_1.jpg
237,0.1,0.15,10,35,8,37.84,2.23472,Snaking_E1_0_E2_4_Fric_7_load_2.jpg
238,0.1,0.15,12,35,8,42.13,2.38309,Snaking_E1_0_E2_4_Fric_7_load_3.jpg
239,0.1,0.15,14,35,9,44.55,6.05167,Snaking_E1_0_E2_4_Fric_7_load_4.jpg
240,0.1,0.15,6,40,5,9.89,0.545646,Snaking_E1_0_E2_4_Fric_8_load_0.jpg
241,0.1,0.15,8,40,8,31.1,2.26965,Snaking_E1_0_E2_4_Fric_8_load_1.jpg
242,0.1,0.15,10,40,8,36.36,2.64515,Snaking_E1_0_E2_4_Fric_8_load_2.jpg
243,0.1,0.15,12,40,7,37.09,2.71245,Snaking_E1_0_E2_4_Fric_8_load_3.jpg
244,0.1,0.15,14,40,7,42.82,3.38664,Snaking_E1_0_E2_4_Fric_8_load_4.jpg
245,0.1,0.15,6,45,5,8.81,0.383619,Snaking_E1_0_E2_4_Fric_9_load_0.jpg
246,0.1,0.15,8,45,8,22.92,1.97609,Snaking_E1_0_E2_4_Fric_9_load_1.jpg
247,0.1,0.15,10,45,8,37.35,2.07573,Snaking_E1_0_E2_4_Fric_9_load_2.jpg
248,0.1,0.15,12,45,10,42.09,3.74942,Snaking_E1_0_E2_4_Fric_9_load_3.jpg
249,0.1,0.15,14,45,9,45.01,5.95326,Snaking_E1_0_E2_4_Fric_9_load_4.jpg
250,0.12,0.07,6,0.01,7,14.34,1.21455,Snaking_E1_1_E2_0_Fric_0_load_0.jpg
251,0.12,0.07,8,0.01,10,29.47,1.80022,Snaking_E1_1_E2_0_Fric_0_load_1.jpg
252,0.12,0.07,10,0.01,10,36.27,3.23129,Snaking_E1_1_E2_0_Fric_0_load_2.jpg
253,0.12,0.07,12,0.01,10,40.67,5.19504,Snaking_E1_1_E2_0_Fric_0_load_3.jpg
254,0.12,0.07,14,0.01,11,41.94,3.43146,Snaking_E1_1_E2_0_Fric_0_load_4.jpg
255,0.12,0.07,6,5,7,14.34,1.05042,Snaking_E1_1_E2_0_Fric_1_load_0.jpg
256,0.12,0.07,8,5,8,33.25,2.29927,Snaking_E1_1_E2_0_Fric_1_load_1.jpg
257,0.12,0.07,10,5,8,31.52,2.21323,Snaking_E1_1_E2_0_Fric_1_load_2.jpg
258,0.12,0.07,12,5,7,40.71,2.36244,Snaking_E1_1_E2_0_Fric_1_load_3.jpg
259,0.12,0.07,14,5,10,45.04,3.01507,Snaking_E1_1_E2_0_Fric_1_load_4.jpg
260,0.12,0.07,6,10,7,14.37,0.738069,Snaking_E1_1_E2_0_Fric_2_load_0.jpg
261,0.12,0.07,8,10,7,27.31,2.15876,Snaking_E1_1_E2_0_Fric_2_load_1.jpg
262,0.12,0.07,10,10,8,33.59,2.24967,Snaking_E1_1_E2_0_Fric_2_load_2.jpg
263,0.12,0.07,12,10,11,40.08,4.92417,Snaking_E1_1_E2_0_Fric_2_load_3.jpg
264,0.12,0.07,14,10,11,43.93,3.11419,Snaking_E1_1_E2_0_Fric_2_load_4.jpg
265,0.12,0.07,6,15,6,12.37,1.11706,Snaking_E1_1_E2_0_Fric_3_load_0.jpg
266,0.12,0.07,8,15,10,28.96,2.03661,Snaking_E1_1_E2_0_Fric_3_load_1.jpg
267,0.12,0.07,10,15,10,35.31,3.70851,Snaking_E1_1_E2_0_Fric_3_load_2.jpg
268,0.12,0.07,12,15,8,42.3,3.84659,Snaking_E1_1_E2_0_Fric_3_load_3.jpg
269,0.12,0.07,14,15,9,45.97,3.36613,Snaking_E1_1_E2_0_Fric_3_load_4.jpg
270,0.12,0.07,6,20,8,17.84,1.18951,Snaking_E1_1_E2_0_Fric_4_load_0.jpg
271,0.12,0.07,8,20,11,32.04,2.12573,Snaking_E1_1_E2_0_Fric_4_load_1.jpg
272,0.12,0.07,10,20,9,33.8,3.53505,Snaking_E1_1_E2_0_Fric_4_load_2.jpg
273,0.12,0.07,12,20,10,39.18,4.08851,Snaking_E1_1_E2_0_Fric_4_load_3.jpg
274,0.12,0.07,14,20,10,43.25,3.71133,Snaking_E1_1_E2_0_Fric_4_load_4.jpg
275,0.12,0.07,6,25,7,15.83,0.703644,Snaking_E1_1_E2_0_Fric_5_load_0.jpg
276,0.12,0.07,8,25,7,32.76,2.06549,Snaking_E1_1_E2_0_Fric_5_load_1.jpg
277,0.12,0.07,10,25,9,36.45,2.74967,Snaking_E1_1_E2_0_Fric_5_load_2.jpg
278,0.12,0.07,12,25,8,40.67,3.50637,Snaking_E1_1_E2_0_Fric_5_load_3.jpg
279,0.12,0.07,14,25,13,44.61,2.38277,Snaking_E1_1_E2_0_Fric_5_load_4.jpg
280,0.12,0.07,6,30,7,13.83,0.681754,Snaking_E1_1_E2_0_Fric_6_load_0.jpg
281,0.12,0.07,8,30,10,29.97,1.65881,Snaking_E1_1_E2_0_Fric_6_load_1.jpg
282,0.12,0.07,10,30,9,34.34,3.01107,Snaking_E1_1_E2_0_Fric_6_load_2.jpg
283,0.12,0.07,12,30,11,41.59,3.03264,Snaking_E1_1_E2_0_Fric_6_load_3.jpg
284,0.12,0.07,14,30,9,36.58,3.17352,Snaking_E1_1_E2_0_Fric_6_load_4.jpg
285,0.12,0.07,6,35,8,15.74,0.575352,Snaking_E1_1_E2_0_Fric_7_load_0.jpg
286,0.12,0.07,8,35,9,31.64,2.29489,Snaking_E1_1_E2_0_Fric_7_load_1.jpg
287,0.12,0.07,10,35,8,33.95,2.46041,Snaking_E1_1_E2_0_Fric_7_load_2.jpg
288,0.12,0.07,12,35,10,40.66,2.98965,Snaking_E1_1_E2_0_Fric_7_load_3.jpg
289,0.12,0.07,14,35,10,45.09,3.66682,Snaking_E1_1_E2_0_Fric_7_load_4.jpg
290,0.12,0.07,6,40,8,17.82,0.745074,Snaking_E1_1_E2_0_Fric_8_load_0.jpg
291,0.12,0.07,8,40,11,30.41,1.76575,Snaking_E1_1_E2_0_Fric_8_load_1.jpg
292,0.12,0.07,10,40,9,30.21,3.10234,Snaking_E1_1_E2_0_Fric_8_load_2.jpg
293,0.12,0.07,12,40,9,40.15,3.79184,Snaking_E1_1_E2_0_Fric_8_load_3.jpg
294,0.12,0.07,14,40,9,45.05,2.9973,Snaking_E1_1_E2_0_Fric_8_load_4.jpg
295,0.12,0.07,6,45,8,15.3,0.625967,Snaking_E1_1_E2_0_Fric_9_load_0.jpg
296,0.12,0.07,8,45,10,29.52,1.90978,Snaking_E1_1_E2_0_Fric_9_load_1.jpg
297,0.12,0.07,10,45,8,38.62,2.33246,Snaking_E1_1_E2_0_Fric_9_load_2.jpg
298,0.12,0.07,12,45,9,41.25,2.62489,Snaking_E1_1_E2_0_Fric_9_load_3.jpg
299,0.12,0.07,14,45,14,43.38,2.58785,Snaking_E1_1_E2_0_Fric_9_load_4.jpg
300,0.12,0.08,6,0.01,6,12.86,1.1342,Snaking_E1_1_E2_1_Fric_0_load_0.jpg
301,0.12,0.08,8,0.01,10,28.52,1.48709,Snaking_E1_1_E2_1_Fric_0_load_1.jpg
302,0.12,0.08,10,0.01,10,35.21,2.27005,Snaking_E1_1_E2_1_Fric_0_load_2.jpg
303,0.12,0.08,12,0.01,9,43.36,3.26108,Snaking_E1_1_E2_1_Fric_0_load_3.jpg
304,0.12,0.08,14,0.01,13,47.55,3.02239,Snaking_E1_1_E2_1_Fric_0_load_4.jpg
305,0.12,0.08,6,5,6,11.9,0.831052,Snaking_E1_1_E2_1_Fric_1_load_0.jpg
306,0.12,0.08,8,5,10,26.59,1.91755,Snaking_E1_1_E2_1_Fric_1_load_1.jpg
307,0.12,0.08,10,5,10,34.85,2.66266,Snaking_E1_1_E2_1_Fric_1_load_2.jpg
308,0.12,0.08,12,5,9,38.09,4.7381,Snaking_E1_1_E2_1_Fric_1_load_3.jpg
309,0.12,0.08,14,5,12,45.92,2.89527,Snaking_E1_1_E2_1_Fric_1_load_4.jpg
310,0.12,0.08,6,10,7,14.35,0.57422,Snaking_E1_1_E2_1_Fric_2_load_0.jpg
311,0.12,0.08,8,10,9,29.57,1.59648,Snaking_E1_1_E2_1_Fric_2_load_1.jpg
312,0.12,0.08,10,10,11,36.28,3.84473,Snaking_E1_1_E2_1_Fric_2_load_2.jpg
313,0.12,0.08,12,10,11,39.58,3.06082,Snaking_E1_1_E2_1_Fric_2_load_3.jpg
314,0.12,0.08,14,10,9,46.44,3.8387,Snaking_E1_1_E2_1_Fric_2_load_4.jpg
315,0.12,0.08,6,15,7,14.35,0.769563,Snaking_E1_1_E2_1_Fric_3_load_0.jpg
316,0.12,0.08,8,15,7,28.24,2.45629,Snaking_E1_1_E2_1_Fric_3_load_1.jpg
317,0.12,0.08,10,15,10,36.93,4.09114,Snaking_E1_1_E2_1_Fric_3_load_2.jpg
318,0.12,0.08,12,15,12,41.75,2.31588,Snaking_E1_1_E2_1_Fric_3_load_3.jpg
319,0.12,0.08,14,15,5,45.58,2.06647,Snaking_E1_1_E2_1_Fric_3_load_4.jpg
320,0.12,0.08,6,20,7,15.37,0.705614,Snaking_E1_1_E2_1_Fric_4_load_0.jpg
321,0.12,0.08,8,20,10,27.49,2.00663,Snaking_E1_1_E2_1_Fric_4_load_1.jpg
322,0.12,0.08,10,20,9,36.08,2.67389,Snaking_E1_1_E2_1_Fric_4_load_2.jpg
323,0.12,0.08,12,20,9,35.38,4.73003,Snaking_E1_1_E2_1_Fric_4_load_3.jpg
324,0.12,0.08,14,20,8,46.4,4.38616,Snaking_E1_1_E2_1_Fric_4_load_4.jpg
325,0.12,0.08,6,25,6,12.86,1.15724,Snaking_E1_1_E2_1_Fric_5_load_0.jpg
326,0.12,0.08,8,25,11,29.94,1.51514,Snaking_E1_1_E2_1_Fric_5_load_1.jpg
327,0.12,0.08,10,25,9,34.24,3.44445,Snaking_E1_1_E2_1_Fric_5_load_2.jpg
328,0.12,0.08,12,25,6,35.68,3.68303,Snaking_E1_1_E2_1_Fric_5_load_3.jpg
329,0.12,0.08,14,25,8,44.24,6.14014,Snaking_E1_1_E2_1_Fric_5_load_4.jpg
330,0.12,0.08,6,30,7,14.85,0.966001,Snaking_E1_1_E2_1_Fric_6_load_0.jpg
331,0.12,0.08,8,30,11,32.41,1.49131,Snaking_E1_1_E2_1_Fric_6_load_1.jpg
332,0.12,0.08,10,30,10,37.27,2.29109,Snaking_E1_1_E2_1_Fric_6_load_2.jpg
333,0.12,0.08,12,30,9,42.25,2.88231,Snaking_E1_1_E2_1_Fric_6_load_3.jpg
334,0.12,0.08,14,30,8,42.67,4.27894,Snaking_E1_1_E2_1_Fric_6_load_4.jpg
335,0.12,0.08,6,35,6,12.85,1.186,Snaking_E1_1_E2_1_Fric_7_load_0.jpg
336,0.12,0.08,8,35,10,29.01,2.11755,Snaking_E1_1_E2_1_Fric_7_load_1.jpg
337,0.12,0.08,10,35,8,36.47,2.07221,Snaking_E1_1_E2_1_Fric_7_load_2.jpg
338,0.12,0.08,12,35,8,41.23,3.146,Snaking_E1_1_E2_1_Fric_7_load_3.jpg
339,0.12,0.08,14,35,8,43.4,6.11616,Snaking_E1_1_E2_1_Fric_7_load_4.jpg
340,0.12,0.08,6,40,7,14.87,0.716307,Snaking_E1_1_E2_1_Fric_8_load_0.jpg
341,0.12,0.08,8,40,8,23.99,1.57784,Snaking_E1_1_E2_1_Fric_8_load_1.jpg
342,0.12,0.08,10,40,8,35.93,2.31285,Snaking_E1_1_E2_1_Fric_8_load_2.jpg
343,0.12,0.08,12,40,13,41.73,2.47162,Snaking_E1_1_E2_1_Fric_8_load_3.jpg
344,0.12,0.08,14,40,10,45.84,3.53915,Snaking_E1_1_E2_1_Fric_8_load_4.jpg
345,0.12,0.08,6,45,6,12.87,1.14189,Snaking_E1_1_E2_1_Fric_9_load_0.jpg
346,0.12,0.08,8,45,9,26.02,2.71618,Snaking_E1_1_E2_1_Fric_9_load_1.jpg
347,0.12,0.08,10,45,10,34.81,3.21728,Snaking_E1_1_E2_1_Fric_9_load_2.jpg
348,0.12,0.08,12,45,9,41.76,4.79687,Snaking_E1_1_E2_1_Fric_9_load_3.jpg
349,0.12,0.08,14,45,9,42.04,6.45051,Snaking_E1_1_E2_1_Fric_9_load_4.jpg
350,0.12,0.09,6,0.01,6,13.37,0.719411,Snaking_E1_1_E2_2_Fric_0_load_0.jpg
351,0.12,0.09,8,0.01,6,26.17,2.41306,Snaking_E1_1_E2_2_Fric_0_load_1.jpg
352,0.12,0.09,10,0.01,9,31.74,3.15273,Snaking_E1_1_E2_2_Fric_0_load_2.jpg
353,0.12,0.09,12,0.01,9,42.49,3.39909,Snaking_E1_1_E2_2_Fric_0_load_3.jpg
354,0.12,0.09,14,0.01,9,45.86,6.6348,Snaking_E1_1_E2_2_Fric_0_load_4.jpg
355,0.12,0.09,6,5,6,12.38,0.807802,Snaking_E1_1_E2_2_Fric_1_load_0.jpg
356,0.12,0.09,8,5,8,29.6,2.36075,Snaking_E1_1_E2_2_Fric_1_load_1.jpg
357,0.12,0.09,10,5,7,36.87,2.08321,Snaking_E1_1_E2_2_Fric_1_load_2.jpg
358,0.12,0.09,12,5,8,40.66,4.09016,Snaking_E1_1_E2_2_Fric_1_load_3.jpg
359,0.12,0.09,14,5,8,45.86,5.17902,Snaking_E1_1_E2_2_Fric_1_load_4.jpg
360,0.12,0.09,6,10,5,9.88,0.728744,Snaking_E1_1_E2_2_Fric_2_load_0.jpg
361,0.12,0.09,8,10,12,31.92,1.7217,Snaking_E1_1_E2_2_Fric_2_load_1.jpg
362,0.12,0.09,10,10,8,36.96,2.25152,Snaking_E1_1_E2_2_Fric_2_load_2.jpg
363,0.12,0.09,12,10,11,42.17,2.18378,Snaking_E1_1_E2_2_Fric_2_load_3.jpg
364,0.12,0.09,14,10,9,47.21,5.37098,Snaking_E1_1_E2_2_Fric_2_load_4.jpg
365,0.12,0.09,6,15,7,14.86,0.860909,Snaking_E1_1_E2_2_Fric_3_load_0.jpg
366,0.12,0.09,8,15,10,29,1.30096,Snaking_E1_1_E2_2_Fric_3_load_1.jpg
367,0.12,0.09,10,15,8,36.96,2.15426,Snaking_E1_1_E2_2_Fric_3_load_2.jpg
368,0.12,0.09,12,15,12,42.65,3.32322,Snaking_E1_1_E2_2_Fric_3_load_3.jpg
369,0.12,0.09,14,15,9,42.35,2.64832,Snaking_E1_1_E2_2_Fric_3_load_4.jpg
370,0.12,0.09,6,20,6,11.86,0.834505,Snaking_E1_1_E2_2_Fric_4_load_0.jpg
371,0.12,0.09,8,20,10,28.45,1.29623,Snaking_E1_1_E2_2_Fric_4_load_1.jpg
372,0.12,0.09,10,20,9,32.78,3.99882,Snaking_E1_1_E2_2_Fric_4_load_2.jpg
373,0.12,0.09,12,20,8,41.34,2.24318,Snaking_E1_1_E2_2_Fric_4_load_3.jpg
374,0.12,0.09,14,20,10,45.02,3.61546,Snaking_E1_1_E2_2_Fric_4_load_4.jpg
375,0.12,0.09,6,25,6,12.37,0.789662,Snaking_E1_1_E2_2_Fric_5_load_0.jpg
376,0.12,0.09,8,25,11,28.46,1.74251,Snaking_E1_1_E2_2_Fric_5_load_1.jpg
377,0.12,0.09,10,25,9,35.32,3.12129,Snaking_E1_1_E2_2_Fric_5_load_2.jpg
378,0.12,0.09,12,25,9,37.98,4.02101,Snaking_E1_1_E2_2_Fric_5_load_3.jpg
379,0.12,0.09,14,25,14,46.63,2.89416,Snaking_E1_1_E2_2_Fric_5_load_4.jpg
380,0.12,0.09,6,30,6,12.4,0.955908,Snaking_E1_1_E2_2_Fric_6_load_0.jpg
381,0.12,0.09,8,30,9,27.42,1.50964,Snaking_E1_1_E2_2_Fric_6_load_1.jpg
382,0.12,0.09,10,30,11,36.75,1.92562,Snaking_E1_1_E2_2_Fric_6_load_2.jpg
383,0.12,0.09,12,30,8,36.75,2.69731,Snaking_E1_1_E2_2_Fric_6_load_3.jpg
384,0.12,0.09,14,30,10,44.99,2.91138,Snaking_E1_1_E2_2_Fric_6_load_4.jpg
385,0.12,0.09,6,35,6,11.85,0.774108,Snaking_E1_1_E2_2_Fric_7_load_0.jpg
386,0.12,0.09,8,35,9,27.92,2.00957,Snaking_E1_1_E2_2_Fric_7_load_1.jpg
387,0.12,0.09,10,35,10,36.95,2.8289,Snaking_E1_1_E2_2_Fric_7_load_2.jpg
388,0.12,0.09,12,35,8,40.68,2.35971,Snaking_E1_1_E2_2_Fric_7_load_3.jpg
389,0.12,0.09,14,35,10,43.47,4.87548,Snaking_E1_1_E2_2_Fric_7_load_4.jpg
390,0.12,0.09,6,40,6,11.9,0.68202,Snaking_E1_1_E2_2_Fric_8_load_0.jpg
391,0.12,0.09,8,40,10,31.14,1.98854,Snaking_E1_1_E2_2_Fric_8_load_1.jpg
392,0.12,0.09,10,40,8,31.28,3.02378,Snaking_E1_1_E2_2_Fric_8_load_2.jpg
393,0.12,0.09,12,40,8,36.93,2.75677,Snaking_E1_1_E2_2_Fric_8_load_3.jpg
394,0.12,0.09,14,40,10,45.7,6.04556,Snaking_E1_1_E2_2_Fric_8_load_4.jpg
395,0.12,0.09,6,45,6,13.34,0.664407,Snaking_E1_1_E2_2_Fric_9_load_0.jpg
396,0.12,0.09,8,45,11,29.51,1.70478,Snaking_E1_1_E2_2_Fric_9_load_1.jpg
397,0.12,0.09,10,45,11,36.3,1.89286,Snaking_E1_1_E2_2_Fric_9_load_2.jpg
398,0.12,0.09,12,45,9,41.67,3.61886,Snaking_E1_1_E2_2_Fric_9_load_3.jpg
399,0.12,0.09,14,45,13,45.14,2.68066,Snaking_E1_1_E2_2_Fric_9_load_4.jpg
400,0.12,0.1,6,0.01,6,12.38,0.946392,Snaking_E1_1_E2_3_Fric_0_load_0.jpg
401,0.12,0.1,8,0.01,8,31.14,2.35725,Snaking_E1_1_E2_3_Fric_0_load_1.jpg
402,0.12,0.1,10,0.01,10,35.76,1.96544,Snaking_E1_1_E2_3_Fric_0_load_2.jpg
403,0.12,0.1,12,0.01,8,41.14,3.54774,Snaking_E1_1_E2_3_Fric_0_load_3.jpg
404,0.12,0.1,14,0.01,9,40.57,5.85908,Snaking_E1_1_E2_3_Fric_0_load_4.jpg
405,0.12,0.1,6,5,7,14.34,0.500378,Snaking_E1_1_E2_3_Fric_1_load_0.jpg
406,0.12,0.1,8,5,7,28.07,1.86424,Snaking_E1_1_E2_3_Fric_1_load_1.jpg
407,0.12,0.1,10,5,9,29.62,2.14427,Snaking_E1_1_E2_3_Fric_1_load_2.jpg
408,0.12,0.1,12,5,11,41.11,2.90132,Snaking_E1_1_E2_3_Fric_1_load_3.jpg
409,0.12,0.1,14,5,10,45.49,3.80876,Snaking_E1_1_E2_3_Fric_1_load_4.jpg
410,0.12,0.1,6,10,5,9.38,0.634138,Snaking_E1_1_E2_3_Fric_2_load_0.jpg
411,0.12,0.1,8,10,6,24.15,1.95831,Snaking_E1_1_E2_3_Fric_2_load_1.jpg
412,0.12,0.1,10,10,11,35.86,2.10934,Snaking_E1_1_E2_3_Fric_2_load_2.jpg
413,0.12,0.1,12,10,9,42.24,4.7436,Snaking_E1_1_E2_3_Fric_2_load_3.jpg
414,0.12,0.1,14,10,12,43.62,3.81972,Snaking_E1_1_E2_3_Fric_2_load_4.jpg
415,0.12,0.1,6,15,6,11.82,0.609584,Snaking_E1_1_E2_3_Fric_3_load_0.jpg
416,0.12,0.1,8,15,9,30.64,1.53973,Snaking_E1_1_E2_3_Fric_3_load_1.jpg
417,0.12,0.1,10,15,9,37.18,2.53181,Snaking_E1_1_E2_3_Fric_3_load_2.jpg
418,0.12,0.1,12,15,10,40.58,2.67385,Snaking_E1_1_E2_3_Fric_3_load_3.jpg
419,0.12,0.1,14,15,7,44.47,3.01208,Snaking_E1_1_E2_3_Fric_3_load_4.jpg
420,0.12,0.1,6,20,6,12.37,0.881148,Snaking_E1_1_E2_3_Fric_4_load_0.jpg
421,0.12,0.1,8,20,8,31.17,2.29329,Snaking_E1_1_E2_3_Fric_4_load_1.jpg
422,0.12,0.1,10,20,5,18.94,2.79024,Snaking_E1_1_E2_3_Fric_4_load_2.jpg
423,0.12,0.1,12,20,8,33.46,3.53132,Snaking_E1_1_E2_3_Fric_4_load_3.jpg
424,0.12,0.1,14,20,8,43,3.19548,Snaking_E1_1_E2_3_Fric_4_load_4.jpg
425,0.12,0.1,6,25,5,9.39,0.698086,Snaking_E1_1_E2_3_Fric_5_load_0.jpg
426,0.12,0.1,8,25,9,27.04,1.47563,Snaking_E1_1_E2_3_Fric_5_load_1.jpg
427,0.12,0.1,10,25,11,37.45,2.45119,Snaking_E1_1_E2_3_Fric_5_load_2.jpg
428,0.12,0.1,12,25,11,41.13,5.00571,Snaking_E1_1_E2_3_Fric_5_load_3.jpg
429,0.12,0.1,14,25,10,42.67,3.42256,Snaking_E1_1_E2_3_Fric_5_load_4.jpg
430,0.12,0.1,6,30,6,12.37,0.720229,Snaking_E1_1_E2_3_Fric_6_load_0.jpg
431,0.12,0.1,8,30,8,26.55,2.30418,Snaking_E1_1_E2_3_Fric_6_load_1.jpg
432,0.12,0.1,10,30,11,36.41,1.87401,Snaking_E1_1_E2_3_Fric_6_load_2.jpg
433,0.12,0.1,12,30,10,37.14,2.91986,Snaking_E1_1_E2_3_Fric_6_load_3.jpg
434,0.12,0.1,14,30,8,45.85,3.81474,Snaking_E1_1_E2_3_Fric_6_load_4.jpg
435,0.12,0.1,6,35,6,11.78,0.560922,Snaking_E1_1_E2_3_Fric_7_load_0.jpg
436,0.12,0.1,8,35,11,29.4,1.42782,Snaking_E1_1_E2_3_Fric_7_load_1.jpg
437,0.12,0.1,10,35,10,34.86,2.38456,Snaking_E1_1_E2_3_Fric_7_load_2.jpg
438,0.12,0.1,12,35,12,42.97,2.11895,Snaking_E1_1_E2_3_Fric_7_load_3.jpg
439,0.12,0.1,14,35,12,45.47,3.80021,Snaking_E1_1_E2_3_Fric_7_load_4.jpg
440,0.12,0.1,6,40,5,9.37,0.695333,Snaking_E1_1_E2_3_Fric_8_load_0.jpg
441,0.12,0.1,8,40,8,30.06,2.33937,Snaking_E1_1_E2_3_Fric_8_load_1.jpg
442,0.12,0.1,10,40,9,29.41,2.12783,Snaking_E1_1_E2_3_Fric_8_load_2.jpg
443,0.12,0.1,12,40,10,41.16,4.88408,Snaking_E1_1_E2_3_Fric_8_load_3.jpg
444,0.12,0.1,14,40,6,38.5,5.89071,Snaking_E1_1_E2_3_Fric_8_load_4.jpg
445,0.12,0.1,6,45,6,12.36,0.51005,Snaking_E1_1_E2_3_Fric_9_load_0.jpg
446,0.12,0.1,8,45,11,29.53,1.40309,Snaking_E1_1_E2_3_Fric_9_load_1.jpg
447,0.12,0.1,10,45,11,38.29,3.16917,Snaking_E1_1_E2_3_Fric_9_load_2.jpg
448,0.12,0.1,12,45,8,42.26,2.86126,Snaking_E1_1_E2_3_Fric_9_load_3.jpg
449,0.12,0.1,14,45,9,44.26,3.11529,Snaking_E1_1_E2_3_Fric_9_load_4.jpg
450,0.12,0.15,6,0.01,3,3.94,0.293681,Snaking_E1_1_E2_4_Fric_0_load_0.jpg
451,0.12,0.15,8,0.01,8,27.39,1.42647,Snaking_E1_1_E2_4_Fric_0_load_1.jpg
452,0.12,0.15,10,0.01,10,31.23,1.66075,Snaking_E1_1_E2_4_Fric_0_load_2.jpg
453,0.12,0.15,12,0.01,10,43.04,3.59278,Snaking_E1_1_E2_4_Fric_0_load_3.jpg
454,0.12,0.15,14,0.01,6,47.28,2.94893,Snaking_E1_1_E2_4_Fric_0_load_4.jpg
455,0.12,0.15,6,5,5,8.86,0.397846,Snaking_E1_1_E2_4_Fric_1_load_0.jpg
456,0.12,0.15,8,5,8,22.41,1.70925,Snaking_E1_1_E2_4_Fric_1_load_1.jpg
457,0.12,0.15,10,5,6,36.76,2.21728,Snaking_E1_1_E2_4_Fric_1_load_2.jpg
458,0.12,0.15,12,5,9,40.51,4.73826,Snaking_E1_1_E2_4_Fric_1_load_3.jpg
459,0.12,0.15,14,5,5,46.83,2.62497,Snaking_E1_1_E2_4_Fric_1_load_4.jpg
460,0.12,0.15,6,10,3,4.42,0.287688,Snaking_E1_1_E2_4_Fric_2_load_0.jpg
461,0.12,0.15,8,10,10,26.92,1.14,Snaking_E1_1_E2_4_Fric_2_load_1.jpg
462,0.12,0.15,10,10,9,34.28,3.13018,Snaking_E1_1_E2_4_Fric_2_load_2.jpg
463,0.12,0.15,12,10,8,38.56,2.62779,Snaking_E1_1_E2_4_Fric_2_load_3.jpg
464,0.12,0.15,14,10,6,43.84,2.74949,Snaking_E1_1_E2_4_Fric_2_load_4.jpg
465,0.12,0.15,6,15,5,9.35,0.40135,Snaking_E1_1_E2_4_Fric_3_load_0.jpg
466,0.12,0.15,8,15,10,26.81,1.21667,Snaking_E1_1_E2_4_Fric_3_load_1.jpg
467,0.12,0.15,10,15,7,36.82,1.92627,Snaking_E1_1_E2_4_Fric_3_load_2.jpg
468,0.12,0.15,12,15,11,43.06,3.78505,Snaking_E1_1_E2_4_Fric_3_load_3.jpg
469,0.12,0.15,14,15,7,45.65,4.96731,Snaking_E1_1_E2_4_Fric_3_load_4.jpg
470,0.12,0.15,6,20,5,8.95,0.383257,Snaking_E1_1_E2_4_Fric_4_load_0.jpg
471,0.12,0.15,8,20,8,26.44,1.79211,Snaking_E1_1_E2_4_Fric_4_load_1.jpg
472,0.12,0.15,10,20,7,31.75,2.64816,Snaking_E1_1_E2_4_Fric_4_load_2.jpg
473,0.12,0.15,12,20,10,39.99,4.71986,Snaking_E1_1_E2_4_Fric_4_load_3.jpg
474,0.12,0.15,14,20,11,44.45,2.72647,Snaking_E1_1_E2_4_Fric_4_load_4.jpg
475,0.12,0.15,6,25,4,6.44,0.343751,Snaking_E1_1_E2_4_Fric_5_load_0.jpg
476,0.12,0.15,8,25,7,23.52,2.05574,Snaking_E1_1_E2_4_Fric_5_load_1.jpg
477,0.12,0.15,10,25,10,36.2,1.39141,Snaking_E1_1_E2_4_Fric_5_load_2.jpg
478,0.12,0.15,12,25,9,38.22,3.11678,Snaking_E1_1_E2_4_Fric_5_load_3.jpg
479,0.12,0.15,14,25,11,47.31,5.55534,Snaking_E1_1_E2_4_Fric_5_load_4.jpg
480,0.12,0.15,6,30,3,4.42,0.265861,Snaking_E1_1_E2_4_Fric_6_load_0.jpg
481,0.12,0.15,8,30,8,22.96,1.81036,Snaking_E1_1_E2_4_Fric_6_load_1.jpg
482,0.12,0.15,10,30,6,31.28,2.7468,Snaking_E1_1_E2_4_Fric_6_load_2.jpg
483,0.12,0.15,12,30,7,40.52,2.49317,Snaking_E1_1_E2_4_Fric_6_load_3.jpg
484,0.12,0.15,14,30,7,44.36,2.45279,Snaking_E1_1_E2_4_Fric_6_load_4.jpg
485,0.12,0.15,6,35,3,4.46,0.335347,Snaking_E1_1_E2_4_Fric_7_load_0.jpg
486,0.12,0.15,8,35,7,20.86,1.16111,Snaking_E1_1_E2_4_Fric_7_load_1.jpg
487,0.12,0.15,10,35,7,35.3,2.37136,Snaking_E1_1_E2_4_Fric_7_load_2.jpg
488,0.12,0.15,12,35,5,37.6,2.94203,Snaking_E1_1_E2_4_Fric_7_load_3.jpg
489,0.12,0.15,14,35,7,42.07,5.78462,Snaking_E1_1_E2_4_Fric_7_load_4.jpg
490,0.12,0.15,6,40,5,9.36,0.396733,Snaking_E1_1_E2_4_Fric_8_load_0.jpg
491,0.12,0.15,8,40,7,21.37,1.243,Snaking_E1_1_E2_4_Fric_8_load_1.jpg
492,0.12,0.15,10,40,10,33.76,1.8474,Snaking_E1_1_E2_4_Fric_8_load_2.jpg
493,0.12,0.15,12,40,11,39.26,2.01818,Snaking_E1_1_E2_4_Fric_8_load_3.jpg
494,0.12,0.15,14,40,5,43.08,3.93336,Snaking_E1_1_E2_4_Fric_8_load_4.jpg
495,0.12,0.15,6,45,4,6.43,0.337087,Snaking_E1_1_E2_4_Fric_9_load_0.jpg
496,0.12,0.15,8,45,7,23.52,2.02027,Snaking_E1_1_E2_4_Fric_9_load_1.jpg
497,0.12,0.15,10,45,7,36.81,2.05393,Snaking_E1_1_E2_4_Fric_9_load_2.jpg
498,0.12,0.15,12,45,8,43.54,3.17998,Snaking_E1_1_E2_4_Fric_9_load_3.jpg
499,0.12,0.15,14,45,6,46.92,3.05601,Snaking_E1_1_E2_4_Fric_9_load_4.jpg
500,0.14,0.07,6,0.01,7,13.81,0.612093,Snaking_E1_2_E2_0_Fric_0_load_0.jpg
501,0.14,0.07,8,0.01,9,31.18,2.43116,Snaking_E1_2_E2_0_Fric_0_load_1.jpg
502,0.14,0.07,10,0.01,11,37.37,2.32044,Snaking_E1_2_E2_0_Fric_0_load_2.jpg
503,0.14,0.07,12,0.01,8,31.63,4.87779,Snaking_E1_2_E2_0_Fric_0_load_3.jpg
504,0.14,0.07,14,0.01,9,41.56,5.41855,Snaking_E1_2_E2_0_Fric_0_load_4.jpg
505,0.14,0.07,6,5,6,12.89,0.901868,Snaking_E1_2_E2_0_Fric_1_load_0.jpg
506,0.14,0.07,8,5,9,28.46,2.17694,Snaking_E1_2_E2_0_Fric_1_load_1.jpg
507,0.14,0.07,10,5,10,36.94,3.1955,Snaking_E1_2_E2_0_Fric_1_load_2.jpg
508,0.14,0.07,12,5,7,40.65,3.65251,Snaking_E1_2_E2_0_Fric_1_load_3.jpg
509,0.14,0.07,14,5,6,38.54,6.44383,Snaking_E1_2_E2_0_Fric_1_load_4.jpg
510,0.14,0.07,6,10,6,12.88,0.905101,Snaking_E1_2_E2_0_Fric_2_load_0.jpg
511,0.14,0.07,8,10,9,31.11,2.27935,Snaking_E1_2_E2_0_Fric_2_load_1.jpg
512,0.14,0.07,10,10,8,36.92,2.50308,Snaking_E1_2_E2_0_Fric_2_load_2.jpg
513,0.14,0.07,12,10,10,43.17,2.66574,Snaking_E1_2_E2_0_Fric_2_load_3.jpg
514,0.14,0.07,14,10,9,42.24,2.51962,Snaking_E1_2_E2_0_Fric_2_load_4.jpg
515,0.14,0.07,6,15,7,14.86,0.602201,Snaking_E1_2_E2_0_Fric_3_load_0.jpg
516,0.14,0.07,8,15,9,30.61,2.36697,Snaking_E1_2_E2_0_Fric_3_load_1.jpg
517,0.14,0.07,10,15,9,32.81,2.08929,Snaking_E1_2_E2_0_Fric_3_load_2.jpg
518,0.14,0.07,12,15,9,32.66,2.04406,Snaking_E1_2_E2_0_Fric_3_load_3.jpg
519,0.14,0.07,14,15,9,42.59,5.51998,Snaking_E1_2_E2_0_Fric_3_load_4.jpg
520,0.14,0.07,6,20,6,12.36,0.5141,Snaking_E1_2_E2_0_Fric_4_load_0.jpg
521,0.14,0.07,8,20,11,29.48,1.45491,Snaking_E1_2_E2_0_Fric_4_load_1.jpg
522,0.14,0.07,10,20,8,37.28,2.07865,Snaking_E1_2_E2_0_Fric_4_load_2.jpg
523,0.14,0.07,12,20,7,39.14,2.19934,Snaking_E1_2_E2_0_Fric_4_load_3.jpg
524,0.14,0.07,14,20,8,46.85,3.96015,Snaking_E1_2_E2_0_Fric_4_load_4.jpg
525,0.14,0.07,6,25,6,12.39,0.938293,Snaking_E1_2_E2_0_Fric_5_load_0.jpg
526,0.14,0.07,8,25,9,29.35,1.2722,Snaking_E1_2_E2_0_Fric_5_load_1.jpg
527,0.14,0.07,10,25,10,34.93,2.31453,Snaking_E1_2_E2_0_Fric_5_load_2.jpg
528,0.14,0.07,12,25,10,42.6,2.92336,Snaking_E1_2_E2_0_Fric_5_load_3.jpg
529,0.14,0.07,14,25,9,47.01,5.57073,Snaking_E1_2_E2_0_Fric_5_load_4.jpg
530,0.14,0.07,6,30,6,12.37,0.921995,Snaking_E1_2_E2_0_Fric_6_load_0.jpg
531,0.14,0.07,8,30,8,30.66,2.18257,Snaking_E1_2_E2_0_Fric_6_load_1.jpg
532,0.14,0.07,10,30,8,37.46,2.2089,Snaking_E1_2_E2_0_Fric_6_load_2.jpg
533,0.14,0.07,12,30,11,37.28,2.77113,Snaking_E1_2_E2_0_Fric_6_load_3.jpg
534,0.14,0.07,14,30,10,43.56,3.20737,Snaking_E1_2_E2_0_Fric_6_load_4.jpg
535,0.14,0.07,6,35,6,12.39,0.903379,Snaking_E1_2_E2_0_Fric_7_load_0.jpg
536,0.14,0.07,8,35,9,29.03,2.11064,Snaking_E1_2_E2_0_Fric_7_load_1.jpg
537,0.14,0.07,10,35,10,33.42,3.96076,Snaking_E1_2_E2_0_Fric_7_load_2.jpg
538,0.14,0.07,12,35,10,36.95,3.13992,Snaking_E1_2_E2_0_Fric_7_load_3.jpg
539,0.14,0.07,14,35,8,44.82,5.94797,Snaking_E1_2_E2_0_Fric_7_load_4.jpg
540,0.14,0.07,6,40,6,11.85,0.48932,Snaking_E1_2_E2_0_Fric_8_load_0.jpg
541,0.14,0.07,8,40,8,31.23,2.43109,Snaking_E1_2_E2_0_Fric_8_load_1.jpg
542,0.14,0.07,10,40,10,34.88,2.49085,Snaking_E1_2_E2_0_Fric_8_load_2.jpg
543,0.14,0.07,12,40,9,41.68,2.64812,Snaking_E1_2_E2_0_Fric_8_load_3.jpg
544,0.14,0.07,14,40,9,46.46,2.20583,Snaking_E1_2_E2_0_Fric_8_load_4.jpg
545,0.14,0.07,6,45,6,11.86,0.649324,Snaking_E1_2_E2_0_Fric_9_load_0.jpg
546,0.14,0.07,8,45,8,24.54,2.02517,Snaking_E1_2_E2_0_Fric_9_load_1.jpg
547,0.14,0.07,10,45,11,34.76,2.70845,Snaking_E1_2_E2_0_Fric_9_load_2.jpg
548,0.14,0.07,12,45,10,38.51,3.31698,Snaking_E1_2_E2_0_Fric_9_load_3.jpg
549,0.14,0.07,14,45,10,43.84,3.1829,Snaking_E1_2_E2_0_Fric_9_load_4.jpg
550,0.14,0.08,6,0.01,6,11.86,0.759477,Snaking_E1_2_E2_1_Fric_0_load_0.jpg
551,0.14,0.08,8,0.01,7,28.11,1.79672,Snaking_E1_2_E2_1_Fric_0_load_1.jpg
552,0.14,0.08,10,0.01,9,37.25,2.80661,Snaking_E1_2_E2_1_Fric_0_load_2.jpg
553,0.14,0.08,12,0.01,9,36.92,4.19857,Snaking_E1_2_E2_1_Fric_0_load_3.jpg
554,0.14,0.08,14,0.01,10,42.8,2.70827,Snaking_E1_2_E2_1_Fric_0_load_4.jpg
555,0.14,0.08,6,5,6,12.34,0.517438,Snaking_E1_2_E2_1_Fric_1_load_0.jpg
556,0.14,0.08,8,5,10,27.02,1.28651,Snaking_E1_2_E2_1_Fric_1_load_1.jpg
557,0.14,0.08,10,5,11,37.71,1.96347,Snaking_E1_2_E2_1_Fric_1_load_2.jpg
558,0.14,0.08,12,5,9,40.37,4.42185,Snaking_E1_2_E2_1_Fric_1_load_3.jpg
559,0.14,0.08,14,5,10,47.02,3.69032,Snaking_E1_2_E2_1_Fric_1_load_4.jpg
560,0.14,0.08,6,10,6,11.87,0.759001,Snaking_E1_2_E2_1_Fric_2_load_0.jpg
561,0.14,0.08,8,10,8,31.14,2.37934,Snaking_E1_2_E2_1_Fric_2_load_1.jpg
562,0.14,0.08,10,10,8,33.74,3.41386,Snaking_E1_2_E2_1_Fric_2_load_2.jpg
563,0.14,0.08,12,10,7,41.69,2.36126,Snaking_E1_2_E2_1_Fric_2_load_3.jpg
564,0.14,0.08,14,10,9,48.02,3.24859,Snaking_E1_2_E2_1_Fric_2_load_4.jpg
565,0.14,0.08,6,15,7,14.79,0.492431,Snaking_E1_2_E2_1_Fric_3_load_0.jpg
566,0.14,0.08,8,15,7,29.66,2.45564,Snaking_E1_2_E2_1_Fric_3_load_1.jpg
567,0.14,0.08,10,15,9,37.19,2.36144,Snaking_E1_2_E2_1_Fric_3_load_2.jpg
568,0.14,0.08,12,15,8,42.59,2.52583,Snaking_E1_2_E2_1_Fric_3_load_3.jpg
569,0.14,0.08,14,15,7,42.3,4.06454,Snaking_E1_2_E2_1_Fric_3_load_4.jpg
570,0.14,0.08,6,20,6,11.85,0.473586,Snaking_E1_2_E2_1_Fric_4_load_0.jpg
571,0.14,0.08,8,20,10,28.54,1.90622,Snaking_E1_2_E2_1_Fric_4_load_1.jpg
572,0.14,0.08,10,20,11,37.19,3.19569,Snaking_E1_2_E2_1_Fric_4_load_2.jpg
573,0.14,0.08,12,20,4,20.94,2.79629,Snaking_E1_2_E2_1_Fric_4_load_3.jpg
574,0.14,0.08,14,20,8,43.75,3.81492,Snaking_E1_2_E2_1_Fric_4_load_4.jpg
575,0.14,0.08,6,25,6,12.86,0.891021,Snaking_E1_2_E2_1_Fric_5_load_0.jpg
576,0.14,0.08,8,25,11,30.95,1.35619,Snaking_E1_2_E2_1_Fric_5_load_1.jpg
577,0.14,0.08,10,25,7,30.31,2.44423,Snaking_E1_2_E2_1_Fric_5_load_2.jpg
578,0.14,0.08,12,25,9,38.54,3.72876,Snaking_E1_2_E2_1_Fric_5_load_3.jpg
579,0.14,0.08,14,25,6,40.81,3.40417,Snaking_E1_2_E2_1_Fric_5_load_4.jpg
580,0.14,0.08,6,30,6,11.86,0.485817,Snaking_E1_2_E2_1_Fric_6_load_0.jpg
581,0.14,0.08,8,30,10,30.04,1.3521,Snaking_E1_2_E2_1_Fric_6_load_1.jpg
582,0.14,0.08,10,30,9,32.29,2.02592,Snaking_E1_2_E2_1_Fric_6_load_2.jpg
583,0.14,0.08,12,30,7,42.65,2.69686,Snaking_E1_2_E2_1_Fric_6_load_3.jpg
584,0.14,0.08,14,30,8,47.4,2.26481,Snaking_E1_2_E2_1_Fric_6_load_4.jpg
585,0.14,0.08,6,35,5,9.88,0.62443,Snaking_E1_2_E2_1_Fric_7_load_0.jpg
586,0.14,0.08,8,35,10,29.37,1.32508,Snaking_E1_2_E2_1_Fric_7_load_1.jpg
587,0.14,0.08,10,35,9,33.76,2.4281,Snaking_E1_2_E2_1_Fric_7_load_2.jpg
588,0.14,0.08,12,35,7,42.21,2.18824,Snaking_E1_2_E2_1_Fric_7_load_3.jpg
589,0.14,0.08,14,35,9,46.88,3.98833,Snaking_E1_2_E2_1_Fric_7_load_4.jpg
590,0.14,0.08,6,40,6,11.37,0.447056,Snaking_E1_2_E2_1_Fric_8_load_0.jpg
591,0.14,0.08,8,40,9,28.51,1.73905,Snaking_E1_2_E2_1_Fric_8_load_1.jpg
592,0.14,0.08,10,40,8,30.6,2.85938,Snaking_E1_2_E2_1_Fric_8_load_2.jpg
593,0.14,0.08,12,40,10,42.1,4.93802,Snaking_E1_2_E2_1_Fric_8_load_3.jpg
594,0.14,0.08,14,40,9,43.94,5.39523,Snaking_E1_2_E2_1_Fric_8_load_4.jpg
595,0.14,0.08,6,45,6,12.36,0.649146,Snaking_E1_2_E2_1_Fric_9_load_0.jpg
596,0.14,0.08,8,45,9,27.83,1.24263,Snaking_E1_2_E2_1_Fric_9_load_1.jpg
597,0.14,0.08,10,45,11,36.86,1.87874,Snaking_E1_2_E2_1_Fric_9_load_2.jpg
598,0.14,0.08,12,45,9,39.25,2.53103,Snaking_E1_2_E2_1_Fric_9_load_3.jpg
599,0.14,0.08,14,45,6,40.7,2.45596,Snaking_E1_2_E2_1_Fric_9_load_4.jpg
600,0.14,0.09,6,0.01,6,11.35,0.402016,Snaking_E1_2_E2_2_Fric_0_load_0.jpg
601,0.14,0.09,8,0.01,8,31.08,2.0477,Snaking_E1_2_E2_2_Fric_0_load_1.jpg
602,0.14,0.09,10,0.01,7,33.4,2.23929,Snaking_E1_2_E2_2_Fric_0_load_2.jpg
603,0.14,0.09,12,0.01,6,40.58,2.37945,Snaking_E1_2_E2_2_Fric_0_load_3.jpg
604,0.14,0.09,14,0.01,8,47.66,3.74226,Snaking_E1_2_E2_2_Fric_0_load_4.jpg
605,0.14,0.09,6,5,6,11.86,0.433262,Snaking_E1_2_E2_2_Fric_1_load_0.jpg
606,0.14,0.09,8,5,8,30.59,2.26133,Snaking_E1_2_E2_2_Fric_1_load_1.jpg
607,0.14,0.09,10,5,10,35.25,2.35571,Snaking_E1_2_E2_2_Fric_1_load_2.jpg
608,0.14,0.09,12,5,10,40.91,2.25161,Snaking_E1_2_E2_2_Fric_1_load_3.jpg
609,0.14,0.09,14,5,8,40.02,6.64233,Snaking_E1_2_E2_2_Fric_1_load_4.jpg
610,0.14,0.09,6,10,5,9.39,0.460704,Snaking_E1_2_E2_2_Fric_2_load_0.jpg
611,0.14,0.09,8,10,8,26.05,2.00347,Snaking_E1_2_E2_2_Fric_2_load_1.jpg
612,0.14,0.09,10,10,11,37.41,1.79298,Snaking_E1_2_E2_2_Fric_2_load_2.jpg
613,0.14,0.09,12,10,10,41.59,3.70512,Snaking_E1_2_E2_2_Fric_2_load_3.jpg
614,0.14,0.09,14,10,10,46.39,5.61195,Snaking_E1_2_E2_2_Fric_2_load_4.jpg
615,0.14,0.09,6,15,5,9.9,0.552486,Snaking_E1_2_E2_2_Fric_3_load_0.jpg
616,0.14,0.09,8,15,10,27.43,1.31548,Snaking_E1_2_E2_2_Fric_3_load_1.jpg
617,0.14,0.09,10,15,10,36.68,1.81757,Snaking_E1_2_E2_2_Fric_3_load_2.jpg
618,0.14,0.09,12,15,12,40.27,2.57331,Snaking_E1_2_E2_2_Fric_3_load_3.jpg
619,0.14,0.09,14,15,7,45.89,2.24561,Snaking_E1_2_E2_2_Fric_3_load_4.jpg
620,0.14,0.09,6,20,7,14.31,0.492665,Snaking_E1_2_E2_2_Fric_4_load_0.jpg
621,0.14,0.09,8,20,7,29.64,2.32319,Snaking_E1_2_E2_2_Fric_4_load_1.jpg
622,0.14,0.09,10,20,6,34.42,2.44447,Snaking_E1_2_E2_2_Fric_4_load_2.jpg
623,0.14,0.09,12,20,11,35.52,2.59627,Snaking_E1_2_E2_2_Fric_4_load_3.jpg
624,0.14,0.09,14,20,7,48.52,2.90864,Snaking_E1_2_E2_2_Fric_4_load_4.jpg
625,0.14,0.09,6,25,6,12.36,0.663412,Snaking_E1_2_E2_2_Fric_5_load_0.jpg
626,0.14,0.09,8,25,10,26.95,1.56947,Snaking_E1_2_E2_2_Fric_5_load_1.jpg
627,0.14,0.09,10,25,11,35.28,1.98539,Snaking_E1_2_E2_2_Fric_5_load_2.jpg
628,0.14,0.09,12,25,9,39.4,4.31331,Snaking_E1_2_E2_2_Fric_5_load_3.jpg
629,0.14,0.09,14,25,8,40.58,6.14949,Snaking_E1_2_E2_2_Fric_5_load_4.jpg
630,0.14,0.09,6,30,6,12.36,0.784881,Snaking_E1_2_E2_2_Fric_6_load_0.jpg
631,0.14,0.09,8,30,8,31.15,2.35488,Snaking_E1_2_E2_2_Fric_6_load_1.jpg
632,0.14,0.09,10,30,6,31.84,2.08672,Snaking_E1_2_E2_2_Fric_6_load_2.jpg
633,0.14,0.09,12,30,8,39.6,3.16875,Snaking_E1_2_E2_2_Fric_6_load_3.jpg
634,0.14,0.09,14,30,11,43.31,3.14513,Snaking_E1_2_E2_2_Fric_6_load_4.jpg
635,0.14,0.09,6,35,6,11.35,0.407968,Snaking_E1_2_E2_2_Fric_7_load_0.jpg
636,0.14,0.09,8,35,9,31.14,2.3411,Snaking_E1_2_E2_2_Fric_7_load_1.jpg
637,0.14,0.09,10,35,7,36.89,2.32812,Snaking_E1_2_E2_2_Fric_7_load_2.jpg
638,0.14,0.09,12,35,9,42.04,4.74183,Snaking_E1_2_E2_2_Fric_7_load_3.jpg
639,0.14,0.09,14,35,8,46.78,3.4333,Snaking_E1_2_E2_2_Fric_7_load_4.jpg
640,0.14,0.09,6,40,5,9.89,0.52786,Snaking_E1_2_E2_2_Fric_8_load_0.jpg
641,0.14,0.09,8,40,8,26.81,1.79497,Snaking_E1_2_E2_2_Fric_8_load_1.jpg
642,0.14,0.09,10,40,11,37.81,2.69078,Snaking_E1_2_E2_2_Fric_8_load_2.jpg
643,0.14,0.09,12,40,5,38.74,2.31704,Snaking_E1_2_E2_2_Fric_8_load_3.jpg
644,0.14,0.09,14,40,9,47.84,6.0116,Snaking_E1_2_E2_2_Fric_8_load_4.jpg
645,0.14,0.09,6,45,5,9.38,0.467696,Snaking_E1_2_E2_2_Fric_9_load_0.jpg
646,0.14,0.09,8,45,8,29.1,2.30611,Snaking_E1_2_E2_2_Fric_9_load_1.jpg
647,0.14,0.09,10,45,11,34.76,1.95902,Snaking_E1_2_E2_2_Fric_9_load_2.jpg
648,0.14,0.09,12,45,9,39.55,3.01456,Snaking_E1_2_E2_2_Fric_9_load_3.jpg
649,0.14,0.09,14,45,12,45.14,2.70373,Snaking_E1_2_E2_2_Fric_9_load_4.jpg
650,0.14,0.1,6,0.01,5,9.9,0.570795,Snaking_E1_2_E2_3_Fric_0_load_0.jpg
651,0.14,0.1,8,0.01,9,29.95,2.05224,Snaking_E1_2_E2_3_Fric_0_load_1.jpg
652,0.14,0.1,10,0.01,9,31.28,2.30861,Snaking_E1_2_E2_3_Fric_0_load_2.jpg
653,0.14,0.1,12,0.01,9,36.45,3.44672,Snaking_E1_2_E2_3_Fric_0_load_3.jpg
654,0.14,0.1,14,0.01,10,44.19,3.13358,Snaking_E1_2_E2_3_Fric_0_load_4.jpg
655,0.14,0.1,6,5,5,9.89,0.631099,Snaking_E1_2_E2_3_Fric_1_load_0.jpg
656,0.14,0.1,8,5,10,29.81,1.21151,Snaking_E1_2_E2_3_Fric_1_load_1.jpg
657,0.14,0.1,10,5,10,35.36,3.87771,Snaking_E1_2_E2_3_Fric_1_load_2.jpg
658,0.14,0.1,12,5,8,43.19,2.71786,Snaking_E1_2_E2_3_Fric_1_load_3.jpg
659,0.14,0.1,14,5,8,46.72,5.65784,Snaking_E1_2_E2_3_Fric_1_load_4.jpg
660,0.14,0.1,6,10,5,9.33,0.460875,Snaking_E1_2_E2_3_Fric_2_load_0.jpg
661,0.14,0.1,8,10,8,29.11,1.86538,Snaking_E1_2_E2_3_Fric_2_load_1.jpg
662,0.14,0.1,10,10,10,35.84,2.30087,Snaking_E1_2_E2_3_Fric_2_load_2.jpg
663,0.14,0.1,12,10,11,40.64,2.40469,Snaking_E1_2_E2_3_Fric_2_load_3.jpg
664,0.14,0.1,14,10,9,43.14,4.56401,Snaking_E1_2_E2_3_Fric_2_load_4.jpg
665,0.14,0.1,6,15,5,8.84,0.406431,Snaking_E1_2_E2_3_Fric_3_load_0.jpg
666,0.14,0.1,8,15,10,26.89,1.41684,Snaking_E1_2_E2_3_Fric_3_load_1.jpg
667,0.14,0.1,10,15,9,36.91,2.64457,Snaking_E1_2_E2_3_Fric_3_load_2.jpg
668,0.14,0.1,12,15,10,41.52,3.11315,Snaking_E1_2_E2_3_Fric_3_load_3.jpg
669,0.14,0.1,14,15,5,24.08,3.18148,Snaking_E1_2_E2_3_Fric_3_load_4.jpg
670,0.14,0.1,6,20,5,10.38,0.624511,Snaking_E1_2_E2_3_Fric_4_load_0.jpg
671,0.14,0.1,8,20,9,24.89,1.30261,Snaking_E1_2_E2_3_Fric_4_load_1.jpg
672,0.14,0.1,10,20,6,33.9,2.70019,Snaking_E1_2_E2_3_Fric_4_load_2.jpg
673,0.14,0.1,12,20,8,43.24,2.88492,Snaking_E1_2_E2_3_Fric_4_load_3.jpg
674,0.14,0.1,14,20,9,43.47,4.20239,Snaking_E1_2_E2_3_Fric_4_load_4.jpg
675,0.14,0.1,6,25,5,8.84,0.407762,Snaking_E1_2_E2_3_Fric_5_load_0.jpg
676,0.14,0.1,8,25,7,24.56,1.90087,Snaking_E1_2_E2_3_Fric_5_load_1.jpg
677,0.14,0.1,10,25,10,38.86,3.48779,Snaking_E1_2_E2_3_Fric_5_load_2.jpg
678,0.14,0.1,12,25,9,38.51,3.04836,Snaking_E1_2_E2_3_Fric_5_load_3.jpg
679,0.14,0.1,14,25,6,46.37,2.59512,Snaking_E1_2_E2_3_Fric_5_load_4.jpg
680,0.14,0.1,6,30,5,9.89,0.448148,Snaking_E1_2_E2_3_Fric_6_load_0.jpg
681,0.14,0.1,8,30,8,26.91,2.03342,Snaking_E1_2_E2_3_Fric_6_load_1.jpg
682,0.14,0.1,10,30,10,32.74,2.12015,Snaking_E1_2_E2_3_Fric_6_load_2.jpg
683,0.14,0.1,12,30,7,42.62,2.65911,Snaking_E1_2_E2_3_Fric_6_load_3.jpg
684,0.14,0.1,14,30,9,46.28,3.02446,Snaking_E1_2_E2_3_Fric_6_load_4.jpg
685,0.14,0.1,6,35,4,6.37,0.376759,Snaking_E1_2_E2_3_Fric_7_load_0.jpg
686,0.14,0.1,8,35,9,26.87,1.4901,Snaking_E1_2_E2_3_Fric_7_load_1.jpg
687,0.14,0.1,10,35,9,35.23,2.29707,Snaking_E1_2_E2_3_Fric_7_load_2.jpg
688,0.14,0.1,12,35,8,39.48,2.76899,Snaking_E1_2_E2_3_Fric_7_load_3.jpg
689,0.14,0.1,14,35,9,43.94,3.28293,Snaking_E1_2_E2_3_Fric_7_load_4.jpg
690,0.14,0.1,6,40,5,9.9,0.536254,Snaking_E1_2_E2_3_Fric_8_load_0.jpg
691,0.14,0.1,8,40,10,26.96,1.23366,Snaking_E1_2_E2_3_Fric_8_load_1.jpg
692,0.14,0.1,10,40,8,35.74,3.10389,Snaking_E1_2_E2_3_Fric_8_load_2.jpg
693,0.14,0.1,12,40,10,40.27,3.17299,Snaking_E1_2_E2_3_Fric_8_load_3.jpg
694,0.14,0.1,14,40,12,46.97,3.70088,Snaking_E1_2_E2_3_Fric_8_load_4.jpg
695,0.14,0.1,6,45,5,9.89,0.54206,Snaking_E1_2_E2_3_Fric_9_load_0.jpg
696,0.14,0.1,8,45,10,28.92,1.37929,Snaking_E1_2_E2_3_Fric_9_load_1.jpg
697,0.14,0.1,10,45,7,28.06,2.53302,Snaking_E1_2_E2_3_Fric_9_load_2.jpg
698,0.14,0.1,12,45,7,37.09,3.42217,Snaking_E1_2_E2_3_Fric_9_load_3.jpg
699,0.14,0.1,14,45,7,46.82,2.6334,Snaking_E1_2_E2_3_Fric_9_load_4.jpg
700,0.14,0.15,6,0.01,3,4.43,0.272131,Snaking_E1_2_E2_4_Fric_0_load_0.jpg
701,0.14,0.15,8,0.01,7,18.96,1.81524,Snaking_E1_2_E2_4_Fric_0_load_1.jpg
702,0.14,0.15,10,0.01,10,35.11,2.3743,Snaking_E1_2_E2_4_Fric_0_load_2.jpg
703,0.14,0.15,12,0.01,10,39.84,2.89542,Snaking_E1_2_E2_4_Fric_0_load_3.jpg
704,0.14,0.15,14,0.01,6,28.04,3.87211,Snaking_E1_2_E2_4_Fric_0_load_4.jpg
705,0.14,0.15,6,5,0,0,0,Snaking_E1_2_E2_4_Fric_1_load_0.jpg
706,0.14,0.15,8,5,9,25.94,1.74753,Snaking_E1_2_E2_4_Fric_1_load_1.jpg
707,0.14,0.15,10,5,9,36.1,2.12715,Snaking_E1_2_E2_4_Fric_1_load_2.jpg
708,0.14,0.15,12,5,10,42.27,2.50987,Snaking_E1_2_E2_4_Fric_1_load_3.jpg
709,0.14,0.15,14,5,4,20.51,2.68559,Snaking_E1_2_E2_4_Fric_1_load_4.jpg
710,0.14,0.15,6,10,0,0,0,Snaking_E1_2_E2_4_Fric_2_load_0.jpg
711,0.14,0.15,8,10,8,22.94,1.8282,Snaking_E1_2_E2_4_Fric_2_load_1.jpg
712,0.14,0.15,10,10,9,34.67,2.36745,Snaking_E1_2_E2_4_Fric_2_load_2.jpg
713,0.14,0.15,12,10,8,39.86,3.07131,Snaking_E1_2_E2_4_Fric_2_load_3.jpg
714,0.14,0.15,14,10,4,27.13,6.38899,Snaking_E1_2_E2_4_Fric_2_load_4.jpg
715,0.14,0.15,6,15,1,0,0.215794,Snaking_E1_2_E2_4_Fric_3_load_0.jpg
716,0.14,0.15,8,15,8,21.93,1.61944,Snaking_E1_2_E2_4_Fric_3_load_1.jpg
717,0.14,0.15,10,15,6,31.78,2.47072,Snaking_E1_2_E2_4_Fric_3_load_2.jpg
718,0.14,0.15,12,15,10,37.23,2.3034,Snaking_E1_2_E2_4_Fric_3_load_3.jpg
719,0.14,0.15,14,15,9,43.01,2.92554,Snaking_E1_2_E2_4_Fric_3_load_4.jpg
720,0.14,0.15,6,20,0,0,0,Snaking_E1_2_E2_4_Fric_4_load_0.jpg
721,0.14,0.15,8,20,6,16.45,1.71827,Snaking_E1_2_E2_4_Fric_4_load_1.jpg
722,0.14,0.15,10,20,8,36.3,1.72927,Snaking_E1_2_E2_4_Fric_4_load_2.jpg
723,0.14,0.15,12,20,7,37.49,2.5164,Snaking_E1_2_E2_4_Fric_4_load_3.jpg
724,0.14,0.15,14,20,7,40.83,4.29255,Snaking_E1_2_E2_4_Fric_4_load_4.jpg
725,0.14,0.15,6,25,0,0,0,Snaking_E1_2_E2_4_Fric_5_load_0.jpg
726,0.14,0.15,8,25,7,19.5,1.90221,Snaking_E1_2_E2_4_Fric_5_load_1.jpg
727,0.14,0.15,10,25,6,35.25,2.48675,Snaking_E1_2_E2_4_Fric_5_load_2.jpg
728,0.14,0.15,12,25,8,39.71,2.7388,Snaking_E1_2_E2_4_Fric_5_load_3.jpg
729,0.14,0.15,14,25,7,42.19,3.36595,Snaking_E1_2_E2_4_Fric_5_load_4.jpg
730,0.14,0.15,6,30,2,1.96,0.242112,Snaking_E1_2_E2_4_Fric_6_load_0.jpg
731,0.14,0.15,8,30,8,20.84,0.785105,Snaking_E1_2_E2_4_Fric_6_load_1.jpg
732,0.14,0.15,10,30,10,34.2,2.15866,Snaking_E1_2_E2_4_Fric_6_load_2.jpg
733,0.14,0.15,12,30,9,38.88,2.23495,Snaking_E1_2_E2_4_Fric_6_load_3.jpg
734,0.14,0.15,14,30,8,40.83,2.48366,Snaking_E1_2_E2_4_Fric_6_load_4.jpg
735,0.14,0.15,6,35,0,0,0,Snaking_E1_2_E2_4_Fric_7_load_0.jpg
736,0.14,0.15,8,35,8,22.41,1.79412,Snaking_E1_2_E2_4_Fric_7_load_1.jpg
737,0.14,0.15,10,35,9,35.67,2.6549,Snaking_E1_2_E2_4_Fric_7_load_2.jpg
738,0.14,0.15,12,35,10,39.82,2.3837,Snaking_E1_2_E2_4_Fric_7_load_3.jpg
739,0.14,0.15,14,35,10,45.97,3.24849,Snaking_E1_2_E2_4_Fric_7_load_4.jpg
740,0.14,0.15,6,40,0,0,0,Snaking_E1_2_E2_4_Fric_8_load_0.jpg
741,0.14,0.15,8,40,6,15.94,1.53976,Snaking_E1_2_E2_4_Fric_8_load_1.jpg
742,0.14,0.15,10,40,9,30.75,2.38589,Snaking_E1_2_E2_4_Fric_8_load_2.jpg
743,0.14,0.15,12,40,5,23.64,2.8278,Snaking_E1_2_E2_4_Fric_8_load_3.jpg
744,0.14,0.15,14,40,4,20.55,2.75279,Snaking_E1_2_E2_4_Fric_8_load_4.jpg
745,0.14,0.15,6,45,0,0,0,Snaking_E1_2_E2_4_Fric_9_load_0.jpg
746,0.14,0.15,8,45,6,15.92,1.51103,Snaking_E1_2_E2_4_Fric_9_load_1.jpg
747,0.14,0.15,10,45,5,19.54,2.3497,Snaking_E1_2_E2_4_Fric_9_load_2.jpg
748,0.14,0.15,12,45,5,35.41,2.60004,Snaking_E1_2_E2_4_Fric_9_load_3.jpg
749,0.14,0.15,14,45,9,41.62,2.52688,Snaking_E1_2_E2_4_Fric_9_load_4.jpg
750,0.16,0.07,6,0.01,5,9.38,0.411367,Snaking_E1_3_E2_0_Fric_0_load_0.jpg
751,0.16,0.07,8,0.01,8,29.6,2.2833,Snaking_E1_3_E2_0_Fric_0_load_1.jpg
752,0.16,0.07,10,0.01,7,37.47,2.62301,Snaking_E1_3_E2_0_Fric_0_load_2.jpg
753,0.16,0.07,12,0.01,9,41.48,2.44044,Snaking_E1_3_E2_0_Fric_0_load_3.jpg
754,0.16,0.07,14,0.01,6,43.39,2.71334,Snaking_E1_3_E2_0_Fric_0_load_4.jpg
755,0.16,0.07,6,5,5,10.39,0.609406,Snaking_E1_3_E2_0_Fric_1_load_0.jpg
756,0.16,0.07,8,5,9,27.49,2.10491,Snaking_E1_3_E2_0_Fric_1_load_1.jpg
757,0.16,0.07,10,5,9,31.3,2.44271,Snaking_E1_3_E2_0_Fric_1_load_2.jpg
758,0.16,0.07,12,5,10,39.92,3.27472,Snaking_E1_3_E2_0_Fric_1_load_3.jpg
759,0.16,0.07,14,5,7,47.39,2.71569,Snaking_E1_3_E2_0_Fric_1_load_4.jpg
760,0.16,0.07,6,10,5,9.91,0.599148,Snaking_E1_3_E2_0_Fric_2_load_0.jpg
761,0.16,0.07,8,10,10,27.4,1.29578,Snaking_E1_3_E2_0_Fric_2_load_1.jpg
762,0.16,0.07,10,10,9,34.19,2.96863,Snaking_E1_3_E2_0_Fric_2_load_2.jpg
763,0.16,0.07,12,10,8,39.99,4.0648,Snaking_E1_3_E2_0_Fric_2_load_3.jpg
764,0.16,0.07,14,10,8,45.92,2.42678,Snaking_E1_3_E2_0_Fric_2_load_4.jpg
765,0.16,0.07,6,15,5,9.89,0.590657,Snaking_E1_3_E2_0_Fric_3_load_0.jpg
766,0.16,0.07,8,15,10,29.52,2.013,Snaking_E1_3_E2_0_Fric_3_load_1.jpg
767,0.16,0.07,10,15,9,35.3,2.71551,Snaking_E1_3_E2_0_Fric_3_load_2.jpg
768,0.16,0.07,12,15,6,44.14,2.54619,Snaking_E1_3_E2_0_Fric_3_load_3.jpg
769,0.16,0.07,14,15,5,24.5,3.51027,Snaking_E1_3_E2_0_Fric_3_load_4.jpg
770,0.16,0.07,6,20,5,9.39,0.455349,Snaking_E1_3_E2_0_Fric_4_load_0.jpg
771,0.16,0.07,8,20,10,27.47,1.21131,Snaking_E1_3_E2_0_Fric_4_load_1.jpg
772,0.16,0.07,10,20,8,33.47,2.35366,Snaking_E1_3_E2_0_Fric_4_load_2.jpg
773,0.16,0.07,12,20,9,35.88,2.74837,Snaking_E1_3_E2_0_Fric_4_load_3.jpg
774,0.16,0.07,14,20,8,45.8,4.01642,Snaking_E1_3_E2_0_Fric_4_load_4.jpg
775,0.16,0.07,6,25,5,9.39,0.456869,Snaking_E1_3_E2_0_Fric_5_load_0.jpg
776,0.16,0.07,8,25,8,30.54,2.30891,Snaking_E1_3_E2_0_Fric_5_load_1.jpg
777,0.16,0.07,10,25,10,34.25,2.86913,Snaking_E1_3_E2_0_Fric_5_load_2.jpg
778,0.16,0.07,12,25,10,42,4.64253,Snaking_E1_3_E2_0_Fric_5_load_3.jpg
779,0.16,0.07,14,25,9,42.88,2.65065,Snaking_E1_3_E2_0_Fric_5_load_4.jpg
780,0.16,0.07,6,30,5,10.37,0.695294,Snaking_E1_3_E2_0_Fric_6_load_0.jpg
781,0.16,0.07,8,30,7,26.09,2.26744,Snaking_E1_3_E2_0_Fric_6_load_1.jpg
782,0.16,0.07,10,30,11,37.63,2.57365,Snaking_E1_3_E2_0_Fric_6_load_2.jpg
783,0.16,0.07,12,30,8,42.66,3.57902,Snaking_E1_3_E2_0_Fric_6_load_3.jpg
784,0.16,0.07,14,30,8,47.27,5.99698,Snaking_E1_3_E2_0_Fric_6_load_4.jpg
785,0.16,0.07,6,35,5,9.39,0.459278,Snaking_E1_3_E2_0_Fric_7_load_0.jpg
786,0.16,0.07,8,35,9,29.96,1.49886,Snaking_E1_3_E2_0_Fric_7_load_1.jpg
787,0.16,0.07,10,35,8,33.2,3.20895,Snaking_E1_3_E2_0_Fric_7_load_2.jpg
788,0.16,0.07,12,35,10,43.56,2.34823,Snaking_E1_3_E2_0_Fric_7_load_3.jpg
789,0.16,0.07,14,35,5,24.03,2.77743,Snaking_E1_3_E2_0_Fric_7_load_4.jpg
790,0.16,0.07,6,40,6,12.35,0.462334,Snaking_E1_3_E2_0_Fric_8_load_0.jpg
791,0.16,0.07,8,40,7,29.63,2.33756,Snaking_E1_3_E2_0_Fric_8_load_1.jpg
792,0.16,0.07,10,40,8,34.27,3.8418,Snaking_E1_3_E2_0_Fric_8_load_2.jpg
793,0.16,0.07,12,40,6,43.58,3.05424,Snaking_E1_3_E2_0_Fric_8_load_3.jpg
794,0.16,0.07,14,40,10,45.2,5.14842,Snaking_E1_3_E2_0_Fric_8_load_4.jpg
795,0.16,0.07,6,45,6,12.36,0.462998,Snaking_E1_3_E2_0_Fric_9_load_0.jpg
796,0.16,0.07,8,45,10,29.82,1.23257,Snaking_E1_3_E2_0_Fric_9_load_1.jpg
797,0.16,0.07,10,45,10,36.24,1.8785,Snaking_E1_3_E2_0_Fric_9_load_2.jpg
798,0.16,0.07,12,45,7,40.99,2.24622,Snaking_E1_3_E2_0_Fric_9_load_3.jpg
799,0.16,0.07,14,45,8,44.19,4.90517,Snaking_E1_3_E2_0_Fric_9_load_4.jpg
800,0.16,0.08,6,0.01,5,9.89,0.497148,Snaking_E1_3_E2_1_Fric_0_load_0.jpg
801,0.16,0.08,8,0.01,7,25.58,2.10943,Snaking_E1_3_E2_1_Fric_0_load_1.jpg
802,0.16,0.08,10,0.01,10,35.3,2.31365,Snaking_E1_3_E2_1_Fric_0_load_2.jpg
803,0.16,0.08,12,0.01,9,44.65,3.32386,Snaking_E1_3_E2_1_Fric_0_load_3.jpg
804,0.16,0.08,14,0.01,9,43.11,5.07413,Snaking_E1_3_E2_1_Fric_0_load_4.jpg
805,0.16,0.08,6,5,5,9.88,0.499843,Snaking_E1_3_E2_1_Fric_1_load_0.jpg
806,0.16,0.08,8,5,7,25.6,2.08755,Snaking_E1_3_E2_1_Fric_1_load_1.jpg
807,0.16,0.08,10,5,8,34.22,2.63295,Snaking_E1_3_E2_1_Fric_1_load_2.jpg
808,0.16,0.08,12,5,11,41.01,3.18571,Snaking_E1_3_E2_1_Fric_1_load_3.jpg
809,0.16,0.08,14,5,10,43.69,2.59208,Snaking_E1_3_E2_1_Fric_1_load_4.jpg
810,0.16,0.08,6,10,4,6.36,0.366546,Snaking_E1_3_E2_1_Fric_2_load_0.jpg
811,0.16,0.08,8,10,8,25,2.29266,Snaking_E1_3_E2_1_Fric_2_load_1.jpg
812,0.16,0.08,10,10,9,36.3,2.32354,Snaking_E1_3_E2_1_Fric_2_load_2.jpg
813,0.16,0.08,12,10,4,18.49,2.98393,Snaking_E1_3_E2_1_Fric_2_load_3.jpg
814,0.16,0.08,14,10,5,23.49,4.26052,Snaking_E1_3_E2_1_Fric_2_load_4.jpg
815,0.16,0.08,6,15,5,9.89,0.577956,Snaking_E1_3_E2_1_Fric_3_load_0.jpg
816,0.16,0.08,8,15,9,26.41,1.14948,Snaking_E1_3_E2_1_Fric_3_load_1.jpg
817,0.16,0.08,10,15,9,34.77,3.25867,Snaking_E1_3_E2_1_Fric_3_load_2.jpg
818,0.16,0.08,12,15,8,40.54,3.36241,Snaking_E1_3_E2_1_Fric_3_load_3.jpg
819,0.16,0.08,14,15,9,46.87,2.77119,Snaking_E1_3_E2_1_Fric_3_load_4.jpg
820,0.16,0.08,6,20,5,9.34,0.389058,Snaking_E1_3_E2_1_Fric_4_load_0.jpg
821,0.16,0.08,8,20,9,26.38,1.4551,Snaking_E1_3_E2_1_Fric_4_load_1.jpg
822,0.16,0.08,10,20,9,33.68,2.51929,Snaking_E1_3_E2_1_Fric_4_load_2.jpg
823,0.16,0.08,12,20,5,39.05,2.83184,Snaking_E1_3_E2_1_Fric_4_load_3.jpg
824,0.16,0.08,14,20,10,43.64,2.49955,Snaking_E1_3_E2_1_Fric_4_load_4.jpg
825,0.16,0.08,6,25,5,9.36,0.395368,Snaking_E1_3_E2_1_Fric_5_load_0.jpg
826,0.16,0.08,8,25,10,27.89,1.1802,Snaking_E1_3_E2_1_Fric_5_load_1.jpg
827,0.16,0.08,10,25,10,35.68,2.97381,Snaking_E1_3_E2_1_Fric_5_load_2.jpg
828,0.16,0.08,12,25,10,39,4.72118,Snaking_E1_3_E2_1_Fric_5_load_3.jpg
829,0.16,0.08,14,25,7,39.94,2.2603,Snaking_E1_3_E2_1_Fric_5_load_4.jpg
830,0.16,0.08,6,30,5,9.89,0.509097,Snaking_E1_3_E2_1_Fric_6_load_0.jpg
831,0.16,0.08,8,30,10,30.04,2.14423,Snaking_E1_3_E2_1_Fric_6_load_1.jpg
832,0.16,0.08,10,30,8,34.74,3.54179,Snaking_E1_3_E2_1_Fric_6_load_2.jpg
833,0.16,0.08,12,30,8,42.78,3.39866,Snaking_E1_3_E2_1_Fric_6_load_3.jpg
834,0.16,0.08,14,30,7,44.29,2.55038,Snaking_E1_3_E2_1_Fric_6_load_4.jpg
835,0.16,0.08,6,35,5,9.37,0.39692,Snaking_E1_3_E2_1_Fric_7_load_0.jpg
836,0.16,0.08,8,35,7,27.09,2.62094,Snaking_E1_3_E2_1_Fric_7_load_1.jpg
837,0.16,0.08,10,35,7,34.77,2.09306,Snaking_E1_3_E2_1_Fric_7_load_2.jpg
838,0.16,0.08,12,35,7,42.72,2.94169,Snaking_E1_3_E2_1_Fric_7_load_3.jpg
839,0.16,0.08,14,35,10,46.28,5.63265,Snaking_E1_3_E2_1_Fric_7_load_4.jpg
840,0.16,0.08,6,40,4,6.87,0.392032,Snaking_E1_3_E2_1_Fric_8_load_0.jpg
841,0.16,0.08,8,40,10,26.92,1.39035,Snaking_E1_3_E2_1_Fric_8_load_1.jpg
842,0.16,0.08,10,40,7,36.88,2.19375,Snaking_E1_3_E2_1_Fric_8_load_2.jpg
843,0.16,0.08,12,40,6,38.02,2.80138,Snaking_E1_3_E2_1_Fric_8_load_3.jpg
844,0.16,0.08,14,40,9,40.62,5.60958,Snaking_E1_3_E2_1_Fric_8_load_4.jpg
845,0.16,0.08,6,45,5,9.91,0.593136,Snaking_E1_3_E2_1_Fric_9_load_0.jpg
846,0.16,0.08,8,45,9,25.37,1.3298,Snaking_E1_3_E2_1_Fric_9_load_1.jpg
847,0.16,0.08,10,45,10,35.27,2.7485,Snaking_E1_3_E2_1_Fric_9_load_2.jpg
848,0.16,0.08,12,45,6,42.61,3.49342,Snaking_E1_3_E2_1_Fric_9_load_3.jpg
849,0.16,0.08,14,45,9,40.48,3.89326,Snaking_E1_3_E2_1_Fric_9_load_4.jpg
850,0.16,0.09,6,0.01,5,8.44,0.366314,Snaking_E1_3_E2_2_Fric_0_load_0.jpg
851,0.16,0.09,8,0.01,8,22.4,1.67064,Snaking_E1_3_E2_2_Fric_0_load_1.jpg
852,0.16,0.09,10,0.01,5,19.45,2.0743,Snaking_E1_3_E2_2_Fric_0_load_2.jpg
853,0.16,0.09,12,0.01,10,37.09,4.3881,Snaking_E1_3_E2_2_Fric_0_load_3.jpg
854,0.16,0.09,14,0.01,6,46.76,3.27665,Snaking_E1_3_E2_2_Fric_0_load_4.jpg
855,0.16,0.09,6,5,5,8.84,0.391018,Snaking_E1_3_E2_2_Fric_1_load_0.jpg
856,0.16,0.09,8,5,9,27.35,1.19548,Snaking_E1_3_E2_2_Fric_1_load_1.jpg
857,0.16,0.09,10,5,6,21.51,2.81204,Snaking_E1_3_E2_2_Fric_1_load_2.jpg
858,0.16,0.09,12,5,7,43.87,2.95093,Snaking_E1_3_E2_2_Fric_1_load_3.jpg
859,0.16,0.09,14,5,10,45.43,3.51219,Snaking_E1_3_E2_2_Fric_1_load_4.jpg
860,0.16,0.09,6,10,5,9.34,0.372621,Snaking_E1_3_E2_2_Fric_2_load_0.jpg
861,0.16,0.09,8,10,8,27.97,2.15891,Snaking_E1_3_E2_2_Fric_2_load_1.jpg
862,0.16,0.09,10,10,9,32.12,2.06063,Snaking_E1_3_E2_2_Fric_2_load_2.jpg
863,0.16,0.09,12,10,12,42.05,2.54103,Snaking_E1_3_E2_2_Fric_2_load_3.jpg
864,0.16,0.09,14,10,7,40.19,3.31506,Snaking_E1_3_E2_2_Fric_2_load_4.jpg
865,0.16,0.09,6,15,5,9.37,0.434472,Snaking_E1_3_E2_2_Fric_3_load_0.jpg
866,0.16,0.09,8,15,9,24.94,1.58268,Snaking_E1_3_E2_2_Fric_3_load_1.jpg
867,0.16,0.09,10,15,10,33.73,2.19342,Snaking_E1_3_E2_2_Fric_3_load_2.jpg
868,0.16,0.09,12,15,7,38.56,3.6041,Snaking_E1_3_E2_2_Fric_3_load_3.jpg
869,0.16,0.09,14,15,5,28.17,5.24497,Snaking_E1_3_E2_2_Fric_3_load_4.jpg
870,0.16,0.09,6,20,5,8.85,0.359662,Snaking_E1_3_E2_2_Fric_4_load_0.jpg
871,0.16,0.09,8,20,6,24.08,2.13539,Snaking_E1_3_E2_2_Fric_4_load_1.jpg
872,0.16,0.09,10,20,9,33.76,2.68467,Snaking_E1_3_E2_2_Fric_4_load_2.jpg
873,0.16,0.09,12,20,7,42.5,4.8005,Snaking_E1_3_E2_2_Fric_4_load_3.jpg
874,0.16,0.09,14,20,9,43.4,2.88375,Snaking_E1_3_E2_2_Fric_4_load_4.jpg
875,0.16,0.09,6,25,5,9.85,0.441457,Snaking_E1_3_E2_2_Fric_5_load_0.jpg
876,0.16,0.09,8,25,6,24.04,2.13058,Snaking_E1_3_E2_2_Fric_5_load_1.jpg
877,0.16,0.09,10,25,7,35.27,2.26866,Snaking_E1_3_E2_2_Fric_5_load_2.jpg
878,0.16,0.09,12,25,9,43.63,2.65357,Snaking_E1_3_E2_2_Fric_5_load_3.jpg
879,0.16,0.09,14,25,9,41.57,3.70145,Snaking_E1_3_E2_2_Fric_5_load_4.jpg
880,0.16,0.09,6,30,5,9.86,0.43432,Snaking_E1_3_E2_2_Fric_6_load_0.jpg
881,0.16,0.09,8,30,8,29.03,1.99617,Snaking_E1_3_E2_2_Fric_6_load_1.jpg
882,0.16,0.09,10,30,7,37.94,2.55883,Snaking_E1_3_E2_2_Fric_6_load_2.jpg
883,0.16,0.09,12,30,7,42.99,3.08701,Snaking_E1_3_E2_2_Fric_6_load_3.jpg
884,0.16,0.09,14,30,6,44.66,3.00875,Snaking_E1_3_E2_2_Fric_6_load_4.jpg
885,0.16,0.09,6,35,5,9.36,0.40517,Snaking_E1_3_E2_2_Fric_7_load_0.jpg
886,0.16,0.09,8,35,8,22.52,1.70518,Snaking_E1_3_E2_2_Fric_7_load_1.jpg
887,0.16,0.09,10,35,10,36.74,2.65429,Snaking_E1_3_E2_2_Fric_7_load_2.jpg
888,0.16,0.09,12,35,8,42.01,2.8462,Snaking_E1_3_E2_2_Fric_7_load_3.jpg
889,0.16,0.09,14,35,6,45.75,2.78583,Snaking_E1_3_E2_2_Fric_7_load_4.jpg
890,0.16,0.09,6,40,5,9.34,0.374728,Snaking_E1_3_E2_2_Fric_8_load_0.jpg
891,0.16,0.09,8,40,8,27.43,2.10784,Snaking_E1_3_E2_2_Fric_8_load_1.jpg
892,0.16,0.09,10,40,10,37.19,3.38006,Snaking_E1_3_E2_2_Fric_8_load_2.jpg
893,0.16,0.09,12,40,6,38.56,2.78734,Snaking_E1_3_E2_2_Fric_8_load_3.jpg
894,0.16,0.09,14,40,10,38.58,3.72565,Snaking_E1_3_E2_2_Fric_8_load_4.jpg
895,0.16,0.09,6,45,5,8.85,0.36432,Snaking_E1_3_E2_2_Fric_9_load_0.jpg
896,0.16,0.09,8,45,10,27.49,1.50314,Snaking_E1_3_E2_2_Fric_9_load_1.jpg
897,0.16,0.09,10,45,11,37.29,3.35688,Snaking_E1_3_E2_2_Fric_9_load_2.jpg
898,0.16,0.09,12,45,9,39.95,2.73513,Snaking_E1_3_E2_2_Fric_9_load_3.jpg
899,0.16,0.09,14,45,11,44.86,2.94451,Snaking_E1_3_E2_2_Fric_9_load_4.jpg
900,0.16,0.1,6,0.01,4,6.9,0.397344,Snaking_E1_3_E2_3_Fric_0_load_0.jpg
901,0.16,0.1,8,0.01,10,27.37,0.939763,Snaking_E1_3_E2_3_Fric_0_load_1.jpg
902,0.16,0.1,10,0.01,8,30.16,2.68559,Snaking_E1_3_E2_3_Fric_0_load_2.jpg
903,0.16,0.1,12,0.01,9,40.51,2.71571,Snaking_E1_3_E2_3_Fric_0_load_3.jpg
904,0.16,0.1,14,0.01,8,39.99,5.54341,Snaking_E1_3_E2_3_Fric_0_load_4.jpg
905,0.16,0.1,6,5,4,6.87,0.408887,Snaking_E1_3_E2_3_Fric_1_load_0.jpg
906,0.16,0.1,8,5,9,24.95,1.4113,Snaking_E1_3_E2_3_Fric_1_load_1.jpg
907,0.16,0.1,10,5,6,31.83,2.26981,Snaking_E1_3_E2_3_Fric_1_load_2.jpg
908,0.16,0.1,12,5,7,40.96,2.63885,Snaking_E1_3_E2_3_Fric_1_load_3.jpg
909,0.16,0.1,14,5,10,43.7,4.5421,Snaking_E1_3_E2_3_Fric_1_load_4.jpg
910,0.16,0.1,6,10,3,4.44,0.304112,Snaking_E1_3_E2_3_Fric_2_load_0.jpg
911,0.16,0.1,8,10,9,24.42,1.25393,Snaking_E1_3_E2_3_Fric_2_load_1.jpg
912,0.16,0.1,10,10,6,36.81,1.97282,Snaking_E1_3_E2_3_Fric_2_load_2.jpg
913,0.16,0.1,12,10,10,38.48,2.36757,Snaking_E1_3_E2_3_Fric_2_load_3.jpg
914,0.16,0.1,14,10,12,46.56,3.10757,Snaking_E1_3_E2_3_Fric_2_load_4.jpg
915,0.16,0.1,6,15,3,4.44,0.290402,Snaking_E1_3_E2_3_Fric_3_load_0.jpg
916,0.16,0.1,8,15,8,25.97,1.83511,Snaking_E1_3_E2_3_Fric_3_load_1.jpg
917,0.16,0.1,10,15,8,35.29,2.39647,Snaking_E1_3_E2_3_Fric_3_load_2.jpg
918,0.16,0.1,12,15,11,37.86,2.57679,Snaking_E1_3_E2_3_Fric_3_load_3.jpg
919,0.16,0.1,14,15,7,45.26,3.77099,Snaking_E1_3_E2_3_Fric_3_load_4.jpg
920,0.16,0.1,6,20,3,3.93,0.286324,Snaking_E1_3_E2_3_Fric_4_load_0.jpg
921,0.16,0.1,8,20,8,26.37,1.48568,Snaking_E1_3_E2_3_Fric_4_load_1.jpg
922,0.16,0.1,10,20,9,30.09,1.90912,Snaking_E1_3_E2_3_Fric_4_load_2.jpg
923,0.16,0.1,12,20,6,38.03,2.95412,Snaking_E1_3_E2_3_Fric_4_load_3.jpg
924,0.16,0.1,14,20,9,45.73,5.69363,Snaking_E1_3_E2_3_Fric_4_load_4.jpg
925,0.16,0.1,6,25,3,3.96,0.313295,Snaking_E1_3_E2_3_Fric_5_load_0.jpg
926,0.16,0.1,8,25,8,28,1.98228,Snaking_E1_3_E2_3_Fric_5_load_1.jpg
927,0.16,0.1,10,25,10,33.2,1.79928,Snaking_E1_3_E2_3_Fric_5_load_2.jpg
928,0.16,0.1,12,25,8,38.55,2.37974,Snaking_E1_3_E2_3_Fric_5_load_3.jpg
929,0.16,0.1,14,25,7,43.99,3.59256,Snaking_E1_3_E2_3_Fric_5_load_4.jpg
930,0.16,0.1,6,30,5,9.36,0.369501,Snaking_E1_3_E2_3_Fric_6_load_0.jpg
931,0.16,0.1,8,30,7,19.95,1.45163,Snaking_E1_3_E2_3_Fric_6_load_1.jpg
932,0.16,0.1,10,30,10,36.73,2.10729,Snaking_E1_3_E2_3_Fric_6_load_2.jpg
933,0.16,0.1,12,30,5,37.51,2.42938,Snaking_E1_3_E2_3_Fric_6_load_3.jpg
934,0.16,0.1,14,30,6,46.82,2.89737,Snaking_E1_3_E2_3_Fric_6_load_4.jpg
935,0.16,0.1,6,35,4,7.39,0.406231,Snaking_E1_3_E2_3_Fric_7_load_0.jpg
936,0.16,0.1,8,35,9,26.96,1.16346,Snaking_E1_3_E2_3_Fric_7_load_1.jpg
937,0.16,0.1,10,35,5,20.55,2.80335,Snaking_E1_3_E2_3_Fric_7_load_2.jpg
938,0.16,0.1,12,35,5,23.65,2.84453,Snaking_E1_3_E2_3_Fric_7_load_3.jpg
939,0.16,0.1,14,35,6,43.6,3.03834,Snaking_E1_3_E2_3_Fric_7_load_4.jpg
940,0.16,0.1,6,40,4,6.92,0.387949,Snaking_E1_3_E2_3_Fric_8_load_0.jpg
941,0.16,0.1,8,40,8,27.9,1.99345,Snaking_E1_3_E2_3_Fric_8_load_1.jpg
942,0.16,0.1,10,40,10,34.22,2.27219,Snaking_E1_3_E2_3_Fric_8_load_2.jpg
943,0.16,0.1,12,40,9,42.45,3.73765,Snaking_E1_3_E2_3_Fric_8_load_3.jpg
944,0.16,0.1,14,40,10,43.11,3.91432,Snaking_E1_3_E2_3_Fric_8_load_4.jpg
945,0.16,0.1,6,45,4,7.37,0.37992,Snaking_E1_3_E2_3_Fric_9_load_0.jpg
946,0.16,0.1,8,45,7,23.98,2.10936,Snaking_E1_3_E2_3_Fric_9_load_1.jpg
947,0.16,0.1,10,45,10,36.29,2.38094,Snaking_E1_3_E2_3_Fric_9_load_2.jpg
948,0.16,0.1,12,45,11,43.26,2.8967,Snaking_E1_3_E2_3_Fric_9_load_3.jpg
949,0.16,0.1,14,45,7,39.89,4.32168,Snaking_E1_3_E2_3_Fric_9_load_4.jpg
950,0.16,0.15,6,0.01,0,0,0,Snaking_E1_3_E2_4_Fric_0_load_0.jpg
951,0.16,0.15,8,0.01,7,21.38,1.2206,Snaking_E1_3_E2_4_Fric_0_load_1.jpg
952,0.16,0.15,10,0.01,9,32.02,1.64391,Snaking_E1_3_E2_4_Fric_0_load_2.jpg
953,0.16,0.15,12,0.01,5,37.96,3.2155,Snaking_E1_3_E2_4_Fric_0_load_3.jpg
954,0.16,0.15,14,0.01,6,21.95,2.85398,Snaking_E1_3_E2_4_Fric_0_load_4.jpg
955,0.16,0.15,6,5,0,0,0,Snaking_E1_3_E2_4_Fric_1_load_0.jpg
956,0.16,0.15,8,5,6,16.4,1.33681,Snaking_E1_3_E2_4_Fric_1_load_1.jpg
957,0.16,0.15,10,5,8,35.64,1.96487,Snaking_E1_3_E2_4_Fric_1_load_2.jpg
958,0.16,0.15,12,5,10,39.22,2.14219,Snaking_E1_3_E2_4_Fric_1_load_3.jpg
959,0.16,0.15,14,5,6,42.59,3.2088,Snaking_E1_3_E2_4_Fric_1_load_4.jpg
960,0.16,0.15,6,10,0,0,0,Snaking_E1_3_E2_4_Fric_2_load_0.jpg
961,0.16,0.15,8,10,8,23.78,1.05143,Snaking_E1_3_E2_4_Fric_2_load_1.jpg
962,0.16,0.15,10,10,9,31.2,2.40114,Snaking_E1_3_E2_4_Fric_2_load_2.jpg
963,0.16,0.15,12,10,9,39.78,2.87318,Snaking_E1_3_E2_4_Fric_2_load_3.jpg
964,0.16,0.15,14,10,8,43.89,3.41872,Snaking_E1_3_E2_4_Fric_2_load_4.jpg
965,0.16,0.15,6,15,0,0,0,Snaking_E1_3_E2_4_Fric_3_load_0.jpg
966,0.16,0.15,8,15,8,20.34,0.969102,Snaking_E1_3_E2_4_Fric_3_load_1.jpg
967,0.16,0.15,10,15,8,34.8,2.52461,Snaking_E1_3_E2_4_Fric_3_load_2.jpg
968,0.16,0.15,12,15,10,37.94,2.29581,Snaking_E1_3_E2_4_Fric_3_load_3.jpg
969,0.16,0.15,14,15,4,23.74,6.19484,Snaking_E1_3_E2_4_Fric_3_load_4.jpg
970,0.16,0.15,6,20,0,0,0,Snaking_E1_3_E2_4_Fric_4_load_0.jpg
971,0.16,0.15,8,20,6,16.45,1.43883,Snaking_E1_3_E2_4_Fric_4_load_1.jpg
972,0.16,0.15,10,20,7,35.26,2.25074,Snaking_E1_3_E2_4_Fric_4_load_2.jpg
973,0.16,0.15,12,20,6,37.88,2.97569,Snaking_E1_3_E2_4_Fric_4_load_3.jpg
974,0.16,0.15,14,20,5,42.55,3.11004,Snaking_E1_3_E2_4_Fric_4_load_4.jpg
975,0.16,0.15,6,25,0,0,0,Snaking_E1_3_E2_4_Fric_5_load_0.jpg
976,0.16,0.15,8,25,6,16.44,1.45857,Snaking_E1_3_E2_4_Fric_5_load_1.jpg
977,0.16,0.15,10,25,9,34.13,1.94288,Snaking_E1_3_E2_4_Fric_5_load_2.jpg
978,0.16,0.15,12,25,6,40.8,2.57421,Snaking_E1_3_E2_4_Fric_5_load_3.jpg
979,0.16,0.15,14,25,10,46.37,4.47614,Snaking_E1_3_E2_4_Fric_5_load_4.jpg
980,0.16,0.15,6,30,0,0,0,Snaking_E1_3_E2_4_Fric_6_load_0.jpg
981,0.16,0.15,8,30,6,16.44,1.55212,Snaking_E1_3_E2_4_Fric_6_load_1.jpg
982,0.16,0.15,10,30,6,31.75,2.43802,Snaking_E1_3_E2_4_Fric_6_load_2.jpg
983,0.16,0.15,12,30,8,38.68,2.8269,Snaking_E1_3_E2_4_Fric_6_load_3.jpg
984,0.16,0.15,14,30,4,20.01,3.08174,Snaking_E1_3_E2_4_Fric_6_load_4.jpg
985,0.16,0.15,6,35,0,0,0,Snaking_E1_3_E2_4_Fric_7_load_0.jpg
986,0.16,0.15,8,35,6,16.43,1.42412,Snaking_E1_3_E2_4_Fric_7_load_1.jpg
987,0.16,0.15,10,35,10,33.62,2.19339,Snaking_E1_3_E2_4_Fric_7_load_2.jpg
988,0.16,0.15,12,35,6,25.13,2.86401,Snaking_E1_3_E2_4_Fric_7_load_3.jpg
989,0.16,0.15,14,35,7,42.06,2.72944,Snaking_E1_3_E2_4_Fric_7_load_4.jpg
990,0.16,0.15,6,40,0,0,0,Snaking_E1_3_E2_4_Fric_8_load_0.jpg
991,0.16,0.15,8,40,7,17.35,0.899834,Snaking_E1_3_E2_4_Fric_8_load_1.jpg
992,0.16,0.15,10,40,9,32.67,1.61927,Snaking_E1_3_E2_4_Fric_8_load_2.jpg
993,0.16,0.15,12,40,10,40.85,2.89681,Snaking_E1_3_E2_4_Fric_8_load_3.jpg
994,0.16,0.15,14,40,7,39.3,5.11736,Snaking_E1_3_E2_4_Fric_8_load_4.jpg
995,0.16,0.15,6,45,0,0,0,Snaking_E1_3_E2_4_Fric_9_load_0.jpg
996,0.16,0.15,8,45,6,15.93,1.39826,Snaking_E1_3_E2_4_Fric_9_load_1.jpg
997,0.16,0.15,10,45,10,33.4,1.62766,Snaking_E1_3_E2_4_Fric_9_load_2.jpg
998,0.16,0.15,12,45,10,39.26,2.35329,Snaking_E1_3_E2_4_Fric_9_load_3.jpg
999,0.16,0.15,14,45,7,42.57,3.50222,Snaking_E1_3_E2_4_Fric_9_load_4.jpg
1000,0.18,0.07,6,0.01,5,8.89,0.358352,Snaking_E1_4_E2_0_Fric_0_load_0.jpg
1001,0.18,0.07,8,0.01,8,26.45,1.75736,Snaking_E1_4_E2_0_Fric_0_load_1.jpg
1002,0.18,0.07,10,0.01,6,34.83,2.48928,Snaking_E1_4_E2_0_Fric_0_load_2.jpg
1003,0.18,0.07,12,0.01,7,41.97,4.6059,Snaking_E1_4_E2_0_Fric_0_load_3.jpg
1004,0.18,0.07,14,0.01,9,39.98,4.74145,Snaking_E1_4_E2_0_Fric_0_load_4.jpg
1005,0.18,0.07,6,5,4,6.44,0.31681,Snaking_E1_4_E2_0_Fric_1_load_0.jpg
1006,0.18,0.07,8,5,7,21.98,2.03823,Snaking_E1_4_E2_0_Fric_1_load_1.jpg
1007,0.18,0.07,10,5,7,37.28,2.35707,Snaking_E1_4_E2_0_Fric_1_load_2.jpg
1008,0.18,0.07,12,5,10,38.44,3.90591,Snaking_E1_4_E2_0_Fric_1_load_3.jpg
1009,0.18,0.07,14,5,6,41.44,3.63483,Snaking_E1_4_E2_0_Fric_1_load_4.jpg
1010,0.18,0.07,6,10,4,6.44,0.347813,Snaking_E1_4_E2_0_Fric_2_load_0.jpg
1011,0.18,0.07,8,10,6,23.01,1.77663,Snaking_E1_4_E2_0_Fric_2_load_1.jpg
1012,0.18,0.07,10,10,6,35.85,2.66842,Snaking_E1_4_E2_0_Fric_2_load_2.jpg
1013,0.18,0.07,12,10,10,39.46,2.69192,Snaking_E1_4_E2_0_Fric_2_load_3.jpg
1014,0.18,0.07,14,10,9,44.09,3.41859,Snaking_E1_4_E2_0_Fric_2_load_4.jpg
1015,0.18,0.07,6,15,4,6.43,0.366462,Snaking_E1_4_E2_0_Fric_3_load_0.jpg
1016,0.18,0.07,8,15,9,27.45,2.0608,Snaking_E1_4_E2_0_Fric_3_load_1.jpg
1017,0.18,0.07,10,15,6,20.96,2.29996,Snaking_E1_4_E2_0_Fric_3_load_2.jpg
1018,0.18,0.07,12,15,6,38.07,2.65115,Snaking_E1_4_E2_0_Fric_3_load_3.jpg
1019,0.18,0.07,14,15,9,44.96,3.07443,Snaking_E1_4_E2_0_Fric_3_load_4.jpg
1020,0.18,0.07,6,20,5,8.89,0.357268,Snaking_E1_4_E2_0_Fric_4_load_0.jpg
1021,0.18,0.07,8,20,7,17.99,1.68497,Snaking_E1_4_E2_0_Fric_4_load_1.jpg
1022,0.18,0.07,10,20,6,34.85,2.72832,Snaking_E1_4_E2_0_Fric_4_load_2.jpg
1023,0.18,0.07,12,20,9,39.29,2.89745,Snaking_E1_4_E2_0_Fric_4_load_3.jpg
1024,0.18,0.07,14,20,6,46.8,5.99935,Snaking_E1_4_E2_0_Fric_4_load_4.jpg
1025,0.18,0.07,6,25,5,9.35,0.394622,Snaking_E1_4_E2_0_Fric_5_load_0.jpg
1026,0.18,0.07,8,25,7,23.04,1.94731,Snaking_E1_4_E2_0_Fric_5_load_1.jpg
1027,0.18,0.07,10,25,6,35.77,2.42324,Snaking_E1_4_E2_0_Fric_5_load_2.jpg
1028,0.18,0.07,12,25,10,35.78,3.63831,Snaking_E1_4_E2_0_Fric_5_load_3.jpg
1029,0.18,0.07,14,25,8,41.48,3.72939,Snaking_E1_4_E2_0_Fric_5_load_4.jpg
1030,0.18,0.07,6,30,4,6.43,0.334061,Snaking_E1_4_E2_0_Fric_6_load_0.jpg
1031,0.18,0.07,8,30,8,28.5,2.20137,Snaking_E1_4_E2_0_Fric_6_load_1.jpg
1032,0.18,0.07,10,30,9,33.25,2.05067,Snaking_E1_4_E2_0_Fric_6_load_2.jpg
1033,0.18,0.07,12,30,10,38.08,2.98866,Snaking_E1_4_E2_0_Fric_6_load_3.jpg
1034,0.18,0.07,14,30,7,46.85,2.43132,Snaking_E1_4_E2_0_Fric_6_load_4.jpg
1035,0.18,0.07,6,35,5,8.91,0.384064,Snaking_E1_4_E2_0_Fric_7_load_0.jpg
1036,0.18,0.07,8,35,9,26.36,0.938426,Snaking_E1_4_E2_0_Fric_7_load_1.jpg
1037,0.18,0.07,10,35,9,36.8,1.97863,Snaking_E1_4_E2_0_Fric_7_load_2.jpg
1038,0.18,0.07,12,35,4,19.58,2.6105,Snaking_E1_4_E2_0_Fric_7_load_3.jpg
1039,0.18,0.07,14,35,7,44.15,3.32731,Snaking_E1_4_E2_0_Fric_7_load_4.jpg
1040,0.18,0.07,6,40,5,9.35,0.426066,Snaking_E1_4_E2_0_Fric_8_load_0.jpg
1041,0.18,0.07,8,40,8,27.45,2.17597,Snaking_E1_4_E2_0_Fric_8_load_1.jpg
1042,0.18,0.07,10,40,9,36.84,2.12265,Snaking_E1_4_E2_0_Fric_8_load_2.jpg
1043,0.18,0.07,12,40,6,39.14,2.60102,Snaking_E1_4_E2_0_Fric_8_load_3.jpg
1044,0.18,0.07,14,40,9,42.54,2.37373,Snaking_E1_4_E2_0_Fric_8_load_4.jpg
1045,0.18,0.07,6,45,4,6.45,0.363021,Snaking_E1_4_E2_0_Fric_9_load_0.jpg
1046,0.18,0.07,8,45,7,20.93,1.58671,Snaking_E1_4_E2_0_Fric_9_load_1.jpg
1047,0.18,0.07,10,45,9,35.26,2.46245,Snaking_E1_4_E2_0_Fric_9_load_2.jpg
1048,0.18,0.07,12,45,7,41.6,2.85688,Snaking_E1_4_E2_0_Fric_9_load_3.jpg
1049,0.18,0.07,14,45,9,44.81,5.32985,Snaking_E1_4_E2_0_Fric_9_load_4.jpg
1050,0.18,0.08,6,0.01,2,1.97,0.246217,Snaking_E1_4_E2_1_Fric_0_load_0.jpg
1051,0.18,0.08,8,0.01,10,25.84,1.11146,Snaking_E1_4_E2_1_Fric_0_load_1.jpg
1052,0.18,0.08,10,0.01,6,35.16,2.50713,Snaking_E1_4_E2_1_Fric_0_load_2.jpg
1053,0.18,0.08,12,0.01,10,40.92,3.81947,Snaking_E1_4_E2_1_Fric_0_load_3.jpg
1054,0.18,0.08,14,0.01,9,41.57,3.00905,Snaking_E1_4_E2_1_Fric_0_load_4.jpg
1055,0.18,0.08,6,5,4,6.93,0.384302,Snaking_E1_4_E2_1_Fric_1_load_0.jpg
1056,0.18,0.08,8,5,8,26.91,1.84349,Snaking_E1_4_E2_1_Fric_1_load_1.jpg
1057,0.18,0.08,10,5,9,31.33,1.93047,Snaking_E1_4_E2_1_Fric_1_load_2.jpg
1058,0.18,0.08,12,5,7,41.09,2.99397,Snaking_E1_4_E2_1_Fric_1_load_3.jpg
1059,0.18,0.08,14,5,5,23.52,3.27542,Snaking_E1_4_E2_1_Fric_1_load_4.jpg
1060,0.18,0.08,6,10,2,1.97,0.266919,Snaking_E1_4_E2_1_Fric_2_load_0.jpg
1061,0.18,0.08,8,10,6,17.97,1.27915,Snaking_E1_4_E2_1_Fric_2_load_1.jpg
1062,0.18,0.08,10,10,5,19.96,2.0549,Snaking_E1_4_E2_1_Fric_2_load_2.jpg
1063,0.18,0.08,12,10,7,43.57,2.33702,Snaking_E1_4_E2_1_Fric_2_load_3.jpg
1064,0.18,0.08,14,10,6,44.06,3.68634,Snaking_E1_4_E2_1_Fric_2_load_4.jpg
1065,0.18,0.08,6,15,4,6.41,0.364332,Snaking_E1_4_E2_1_Fric_3_load_0.jpg
1066,0.18,0.08,8,15,8,26.9,1.77792,Snaking_E1_4_E2_1_Fric_3_load_1.jpg
1067,0.18,0.08,10,15,6,35.86,2.63184,Snaking_E1_4_E2_1_Fric_3_load_2.jpg
1068,0.18,0.08,12,15,8,38,3.05387,Snaking_E1_4_E2_1_Fric_3_load_3.jpg
1069,0.18,0.08,14,15,13,48.14,3.29538,Snaking_E1_4_E2_1_Fric_3_load_4.jpg
1070,0.18,0.08,6,20,2,1.96,0.239892,Snaking_E1_4_E2_1_Fric_4_load_0.jpg
1071,0.18,0.08,8,20,8,23.97,2.03797,Snaking_E1_4_E2_1_Fric_4_load_1.jpg
1072,0.18,0.08,10,20,6,34.34,2.68238,Snaking_E1_4_E2_1_Fric_4_load_2.jpg
1073,0.18,0.08,12,20,6,42,2.64462,Snaking_E1_4_E2_1_Fric_4_load_3.jpg
1074,0.18,0.08,14,20,11,46.02,3.15116,Snaking_E1_4_E2_1_Fric_4_load_4.jpg
1075,0.18,0.08,6,25,5,9.38,0.3898,Snaking_E1_4_E2_1_Fric_5_load_0.jpg
1076,0.18,0.08,8,25,8,22.41,1.59616,Snaking_E1_4_E2_1_Fric_5_load_1.jpg
1077,0.18,0.08,10,25,5,32.27,2.60829,Snaking_E1_4_E2_1_Fric_5_load_2.jpg
1078,0.18,0.08,12,25,6,27.05,2.3855,Snaking_E1_4_E2_1_Fric_5_load_3.jpg
1079,0.18,0.08,14,25,6,40.04,3.49145,Snaking_E1_4_E2_1_Fric_5_load_4.jpg
1080,0.18,0.08,6,30,4,6.94,0.356001,Snaking_E1_4_E2_1_Fric_6_load_0.jpg
1081,0.18,0.08,8,30,7,18.99,2.08979,Snaking_E1_4_E2_1_Fric_6_load_1.jpg
1082,0.18,0.08,10,30,10,35.24,2.9184,Snaking_E1_4_E2_1_Fric_6_load_2.jpg
1083,0.18,0.08,12,30,11,42,2.7816,Snaking_E1_4_E2_1_Fric_6_load_3.jpg
1084,0.18,0.08,14,30,4,21.53,3.37246,Snaking_E1_4_E2_1_Fric_6_load_4.jpg
1085,0.18,0.08,6,35,4,6.43,0.321203,Snaking_E1_4_E2_1_Fric_7_load_0.jpg
1086,0.18,0.08,8,35,9,25.44,1.67956,Snaking_E1_4_E2_1_Fric_7_load_1.jpg
1087,0.18,0.08,10,35,10,34.75,2.69956,Snaking_E1_4_E2_1_Fric_7_load_2.jpg
1088,0.18,0.08,12,35,6,26.57,3.25987,Snaking_E1_4_E2_1_Fric_7_load_3.jpg
1089,0.18,0.08,14,35,8,44.03,5.36295,Snaking_E1_4_E2_1_Fric_7_load_4.jpg
1090,0.18,0.08,6,40,4,6.44,0.387148,Snaking_E1_4_E2_1_Fric_8_load_0.jpg
1091,0.18,0.08,8,40,8,26.91,1.81927,Snaking_E1_4_E2_1_Fric_8_load_1.jpg
1092,0.18,0.08,10,40,6,30.76,2.76711,Snaking_E1_4_E2_1_Fric_8_load_2.jpg
1093,0.18,0.08,12,40,8,38.36,4.07728,Snaking_E1_4_E2_1_Fric_8_load_3.jpg
1094,0.18,0.08,14,40,9,41.44,5.48296,Snaking_E1_4_E2_1_Fric_8_load_4.jpg
1095,0.18,0.08,6,45,4,6.94,0.360235,Snaking_E1_4_E2_1_Fric_9_load_0.jpg
1096,0.18,0.08,8,45,9,26.84,1.06312,Snaking_E1_4_E2_1_Fric_9_load_1.jpg
1097,0.18,0.08,10,45,7,35.77,2.11037,Snaking_E1_4_E2_1_Fric_9_load_2.jpg
1098,0.18,0.08,12,45,6,37.54,2.75763,Snaking_E1_4_E2_1_Fric_9_load_3.jpg
1099,0.18,0.08,14,45,11,43.42,3.15784,Snaking_E1_4_E2_1_Fric_9_load_4.jpg
1100,0.18,0.09,6,0.01,3,4.45,0.285631,Snaking_E1_4_E2_2_Fric_0_load_0.jpg
1101,0.18,0.09,8,0.01,9,25.42,1.2798,Snaking_E1_4_E2_2_Fric_0_load_1.jpg
1102,0.18,0.09,10,0.01,9,33.08,1.63273,Snaking_E1_4_E2_2_Fric_0_load_2.jpg
1103,0.18,0.09,12,0.01,8,37.19,2.52563,Snaking_E1_4_E2_2_Fric_0_load_3.jpg
1104,0.18,0.09,14,0.01,7,33.73,2.91953,Snaking_E1_4_E2_2_Fric_0_load_4.jpg
1105,0.18,0.09,6,5,2,1.96,0.238832,Snaking_E1_4_E2_2_Fric_1_load_0.jpg
1106,0.18,0.09,8,5,6,15.95,1.65804,Snaking_E1_4_E2_2_Fric_1_load_1.jpg
1107,0.18,0.09,10,5,10,35.25,2.53242,Snaking_E1_4_E2_2_Fric_1_load_2.jpg
1108,0.18,0.09,12,5,5,37.47,2.667,Snaking_E1_4_E2_2_Fric_1_load_3.jpg
1109,0.18,0.09,14,5,8,40.18,2.8546,Snaking_E1_4_E2_2_Fric_1_load_4.jpg
1110,0.18,0.09,6,10,0,0,0,Snaking_E1_4_E2_2_Fric_2_load_0.jpg
1111,0.18,0.09,8,10,8,21.37,1.32108,Snaking_E1_4_E2_2_Fric_2_load_1.jpg
1112,0.18,0.09,10,10,9,36.33,1.94438,Snaking_E1_4_E2_2_Fric_2_load_2.jpg
1113,0.18,0.09,12,10,6,37.94,3.6491,Snaking_E1_4_E2_2_Fric_2_load_3.jpg
1114,0.18,0.09,14,10,6,38.79,3.66281,Snaking_E1_4_E2_2_Fric_2_load_4.jpg
1115,0.18,0.09,6,15,4,6.44,0.350751,Snaking_E1_4_E2_2_Fric_3_load_0.jpg
1116,0.18,0.09,8,15,7,23.79,1.29294,Snaking_E1_4_E2_2_Fric_3_load_1.jpg
1117,0.18,0.09,10,15,8,33.31,2.74895,Snaking_E1_4_E2_2_Fric_3_load_2.jpg
1118,0.18,0.09,12,15,4,17.96,2.5492,Snaking_E1_4_E2_2_Fric_3_load_3.jpg
1119,0.18,0.09,14,15,8,46.69,3.90168,Snaking_E1_4_E2_2_Fric_3_load_4.jpg
1120,0.18,0.09,6,20,4,6.43,0.302751,Snaking_E1_4_E2_2_Fric_4_load_0.jpg
1121,0.18,0.09,8,20,9,26.89,1.07875,Snaking_E1_4_E2_2_Fric_4_load_1.jpg
1122,0.18,0.09,10,20,9,32.63,1.67892,Snaking_E1_4_E2_2_Fric_4_load_2.jpg
1123,0.18,0.09,12,20,8,38.39,3.42967,Snaking_E1_4_E2_2_Fric_4_load_3.jpg
1124,0.18,0.09,14,20,6,48.69,2.816,Snaking_E1_4_E2_2_Fric_4_load_4.jpg
1125,0.18,0.09,6,25,0,0,0,Snaking_E1_4_E2_2_Fric_5_load_0.jpg
1126,0.18,0.09,8,25,7,18.94,1.75208,Snaking_E1_4_E2_2_Fric_5_load_1.jpg
1127,0.18,0.09,10,25,10,35.77,2.33227,Snaking_E1_4_E2_2_Fric_5_load_2.jpg
1128,0.18,0.09,12,25,9,36.76,2.70439,Snaking_E1_4_E2_2_Fric_5_load_3.jpg
1129,0.18,0.09,14,25,4,23.07,3.76942,Snaking_E1_4_E2_2_Fric_5_load_4.jpg
1130,0.18,0.09,6,30,2,1.97,0.263351,Snaking_E1_4_E2_2_Fric_6_load_0.jpg
1131,0.18,0.09,8,30,6,16.45,1.58944,Snaking_E1_4_E2_2_Fric_6_load_1.jpg
1132,0.18,0.09,10,30,10,32.09,1.62347,Snaking_E1_4_E2_2_Fric_6_load_2.jpg
1133,0.18,0.09,12,30,4,17.49,2.36701,Snaking_E1_4_E2_2_Fric_6_load_3.jpg
1134,0.18,0.09,14,30,8,34.5,6.15168,Snaking_E1_4_E2_2_Fric_6_load_4.jpg
1135,0.18,0.09,6,35,2,2.46,0.256178,Snaking_E1_4_E2_2_Fric_7_load_0.jpg
1136,0.18,0.09,8,35,9,26.46,1.8089,Snaking_E1_4_E2_2_Fric_7_load_1.jpg
1137,0.18,0.09,10,35,9,32.79,3.26593,Snaking_E1_4_E2_2_Fric_7_load_2.jpg
1138,0.18,0.09,12,35,8,41.74,2.81671,Snaking_E1_4_E2_2_Fric_7_load_3.jpg
1139,0.18,0.09,14,35,9,44.04,2.68532,Snaking_E1_4_E2_2_Fric_7_load_4.jpg
1140,0.18,0.09,6,40,1,0,0.220724,Snaking_E1_4_E2_2_Fric_8_load_0.jpg
1141,0.18,0.09,8,40,8,23.39,1.59511,Snaking_E1_4_E2_2_Fric_8_load_1.jpg
1142,0.18,0.09,10,40,10,34.64,2.67395,Snaking_E1_4_E2_2_Fric_8_load_2.jpg
1143,0.18,0.09,12,40,6,38.08,3.08529,Snaking_E1_4_E2_2_Fric_8_load_3.jpg
1144,0.18,0.09,14,40,8,45.18,3.30888,Snaking_E1_4_E2_2_Fric_8_load_4.jpg
1145,0.18,0.09,6,45,4,6.95,0.380329,Snaking_E1_4_E2_2_Fric_9_load_0.jpg
1146,0.18,0.09,8,45,6,15.94,1.61798,Snaking_E1_4_E2_2_Fric_9_load_1.jpg
1147,0.18,0.09,10,45,9,34.83,2.37441,Snaking_E1_4_E2_2_Fric_9_load_2.jpg
1148,0.18,0.09,12,45,9,38.9,2.49933,Snaking_E1_4_E2_2_Fric_9_load_3.jpg
1149,0.18,0.09,14,45,10,42.96,2.91501,Snaking_E1_4_E2_2_Fric_9_load_4.jpg
1150,0.18,0.1,6,0.01,2,1.96,0.251652,Snaking_E1_4_E2_3_Fric_0_load_0.jpg
1151,0.18,0.1,8,0.01,10,26.33,0.863436,Snaking_E1_4_E2_3_Fric_0_load_1.jpg
1152,0.18,0.1,10,0.01,7,31.25,2.65912,Snaking_E1_4_E2_3_Fric_0_load_2.jpg
1153,0.18,0.1,12,0.01,7,29.64,2.99724,Snaking_E1_4_E2_3_Fric_0_load_3.jpg
1154,0.18,0.1,14,0.01,4,20.54,2.89628,Snaking_E1_4_E2_3_Fric_0_load_4.jpg
1155,0.18,0.1,6,5,0,0,0,Snaking_E1_4_E2_3_Fric_1_load_0.jpg
1156,0.18,0.1,8,5,7,22.83,1.34562,Snaking_E1_4_E2_3_Fric_1_load_1.jpg
1157,0.18,0.1,10,5,10,34.21,2.14467,Snaking_E1_4_E2_3_Fric_1_load_2.jpg
1158,0.18,0.1,12,5,7,26.12,2.66693,Snaking_E1_4_E2_3_Fric_1_load_3.jpg
1159,0.18,0.1,14,5,4,20.51,2.89281,Snaking_E1_4_E2_3_Fric_1_load_4.jpg
1160,0.18,0.1,6,10,0,0,0,Snaking_E1_4_E2_3_Fric_2_load_0.jpg
1161,0.18,0.1,8,10,7,18.39,0.85593,Snaking_E1_4_E2_3_Fric_2_load_1.jpg
1162,0.18,0.1,10,10,10,31.99,1.37909,Snaking_E1_4_E2_3_Fric_2_load_2.jpg
1163,0.18,0.1,12,10,7,33.71,3.21212,Snaking_E1_4_E2_3_Fric_2_load_3.jpg
1164,0.18,0.1,14,10,7,41.95,3.37358,Snaking_E1_4_E2_3_Fric_2_load_4.jpg
1165,0.18,0.1,6,15,3,3.94,0.29085,Snaking_E1_4_E2_3_Fric_3_load_0.jpg
1166,0.18,0.1,8,15,8,23.36,1.06659,Snaking_E1_4_E2_3_Fric_3_load_1.jpg
1167,0.18,0.1,10,15,10,32.04,1.78096,Snaking_E1_4_E2_3_Fric_3_load_2.jpg
1168,0.18,0.1,12,15,11,36.27,2.08257,Snaking_E1_4_E2_3_Fric_3_load_3.jpg
1169,0.18,0.1,14,15,8,44.56,2.39292,Snaking_E1_4_E2_3_Fric_3_load_4.jpg
1170,0.18,0.1,6,20,0,0,0,Snaking_E1_4_E2_3_Fric_4_load_0.jpg
1171,0.18,0.1,8,20,9,24.39,1.21187,Snaking_E1_4_E2_3_Fric_4_load_1.jpg
1172,0.18,0.1,10,20,6,32.27,2.65687,Snaking_E1_4_E2_3_Fric_4_load_2.jpg
1173,0.18,0.1,12,20,8,42.97,4.4476,Snaking_E1_4_E2_3_Fric_4_load_3.jpg
1174,0.18,0.1,14,20,4,27.17,2.79956,Snaking_E1_4_E2_3_Fric_4_load_4.jpg
1175,0.18,0.1,6,25,2,1.97,0.265661,Snaking_E1_4_E2_3_Fric_5_load_0.jpg
1176,0.18,0.1,8,25,8,24.01,1.90069,Snaking_E1_4_E2_3_Fric_5_load_1.jpg
1177,0.18,0.1,10,25,9,31.49,1.98493,Snaking_E1_4_E2_3_Fric_5_load_2.jpg
1178,0.18,0.1,12,25,7,36.23,3.69564,Snaking_E1_4_E2_3_Fric_5_load_3.jpg
1179,0.18,0.1,14,25,8,43.46,2.63574,Snaking_E1_4_E2_3_Fric_5_load_4.jpg
1180,0.18,0.1,6,30,2,1.96,0.233714,Snaking_E1_4_E2_3_Fric_6_load_0.jpg
1181,0.18,0.1,8,30,8,23.47,1.951,Snaking_E1_4_E2_3_Fric_6_load_1.jpg
1182,0.18,0.1,10,30,7,33.75,1.82595,Snaking_E1_4_E2_3_Fric_6_load_2.jpg
1183,0.18,0.1,12,30,8,38.44,2.82627,Snaking_E1_4_E2_3_Fric_6_load_3.jpg
1184,0.18,0.1,14,30,8,36.25,2.79213,Snaking_E1_4_E2_3_Fric_6_load_4.jpg
1185,0.18,0.1,6,35,1,0,0.244622,Snaking_E1_4_E2_3_Fric_7_load_0.jpg
1186,0.18,0.1,8,35,8,21.91,1.50338,Snaking_E1_4_E2_3_Fric_7_load_1.jpg
1187,0.18,0.1,10,35,6,34.19,1.81195,Snaking_E1_4_E2_3_Fric_7_load_2.jpg
1188,0.18,0.1,12,35,4,17.51,2.37151,Snaking_E1_4_E2_3_Fric_7_load_3.jpg
1189,0.18,0.1,14,35,11,45.53,3.04795,Snaking_E1_4_E2_3_Fric_7_load_4.jpg
1190,0.18,0.1,6,40,2,2.45,0.257156,Snaking_E1_4_E2_3_Fric_8_load_0.jpg
1191,0.18,0.1,8,40,7,22.87,1.26785,Snaking_E1_4_E2_3_Fric_8_load_1.jpg
1192,0.18,0.1,10,40,7,30.76,2.40561,Snaking_E1_4_E2_3_Fric_8_load_2.jpg
1193,0.18,0.1,12,40,10,38.72,1.97202,Snaking_E1_4_E2_3_Fric_8_load_3.jpg
1194,0.18,0.1,14,40,9,41.99,2.83247,Snaking_E1_4_E2_3_Fric_8_load_4.jpg
1195,0.18,0.1,6,45,0,0,0,Snaking_E1_4_E2_3_Fric_9_load_0.jpg
1196,0.18,0.1,8,45,9,25.91,1.57512,Snaking_E1_4_E2_3_Fric_9_load_1.jpg
1197,0.18,0.1,10,45,7,35.32,2.52875,Snaking_E1_4_E2_3_Fric_9_load_2.jpg
1198,0.18,0.1,12,45,10,39.98,2.06082,Snaking_E1_4_E2_3_Fric_9_load_3.jpg
1199,0.18,0.1,14,45,6,46.18,4.68579,Snaking_E1_4_E2_3_Fric_9_load_4.jpg
1200,0.18,0.15,6,0.01,0,0,0,Snaking_E1_4_E2_4_Fric_0_load_0.jpg
1201,0.18,0.15,8,0.01,6,15.93,1.34581,Snaking_E1_4_E2_4_Fric_0_load_1.jpg
1202,0.18,0.15,10,0.01,7,32.16,2.11686,Snaking_E1_4_E2_4_Fric_0_load_2.jpg
1203,0.18,0.15,12,0.01,5,39.38,3.07141,Snaking_E1_4_E2_4_Fric_0_load_3.jpg
1204,0.18,0.15,14,0.01,7,43.98,3.46273,Snaking_E1_4_E2_4_Fric_0_load_4.jpg
1205,0.18,0.15,6,5,0,0,0,Snaking_E1_4_E2_4_Fric_1_load_0.jpg
1206,0.18,0.15,8,5,5,11.93,0.930072,Snaking_E1_4_E2_4_Fric_1_load_1.jpg
1207,0.18,0.15,10,5,10,34.05,2.25007,Snaking_E1_4_E2_4_Fric_1_load_2.jpg
1208,0.18,0.15,12,5,8,40.2,3.38433,Snaking_E1_4_E2_4_Fric_1_load_3.jpg
1209,0.18,0.15,14,5,6,42.46,3.03984,Snaking_E1_4_E2_4_Fric_1_load_4.jpg
1210,0.18,0.15,6,10,0,0,0,Snaking_E1_4_E2_4_Fric_2_load_0.jpg
1211,0.18,0.15,8,10,6,14.36,0.652071,Snaking_E1_4_E2_4_Fric_2_load_1.jpg
1212,0.18,0.15,10,10,9,32.9,1.57481,Snaking_E1_4_E2_4_Fric_2_load_2.jpg
1213,0.18,0.15,12,10,7,33.12,2.58226,Snaking_E1_4_E2_4_Fric_2_load_3.jpg
1214,0.18,0.15,14,10,5,26.08,3.17865,Snaking_E1_4_E2_4_Fric_2_load_4.jpg
1215,0.18,0.15,6,15,0,0,0,Snaking_E1_4_E2_4_Fric_3_load_0.jpg
1216,0.18,0.15,8,15,6,15.9,1.25877,Snaking_E1_4_E2_4_Fric_3_load_1.jpg
1217,0.18,0.15,10,15,7,32.15,2.40334,Snaking_E1_4_E2_4_Fric_3_load_2.jpg
1218,0.18,0.15,12,15,7,40.71,2.34599,Snaking_E1_4_E2_4_Fric_3_load_3.jpg
1219,0.18,0.15,14,15,5,26.63,3.24535,Snaking_E1_4_E2_4_Fric_3_load_4.jpg
1220,0.18,0.15,6,20,0,0,0,Snaking_E1_4_E2_4_Fric_4_load_0.jpg
1221,0.18,0.15,8,20,5,12.9,0.928146,Snaking_E1_4_E2_4_Fric_4_load_1.jpg
1222,0.18,0.15,10,20,9,31.42,1.98501,Snaking_E1_4_E2_4_Fric_4_load_2.jpg
1223,0.18,0.15,12,20,8,39.77,3.31292,Snaking_E1_4_E2_4_Fric_4_load_3.jpg
1224,0.18,0.15,14,20,8,40.72,3.54532,Snaking_E1_4_E2_4_Fric_4_load_4.jpg
1225,0.18,0.15,6,25,0,0,0,Snaking_E1_4_E2_4_Fric_5_load_0.jpg
1226,0.18,0.15,8,25,6,14.4,0.831699,Snaking_E1_4_E2_4_Fric_5_load_1.jpg
1227,0.18,0.15,10,25,6,28.61,2.4491,Snaking_E1_4_E2_4_Fric_5_load_2.jpg
1228,0.18,0.15,12,25,8,40.21,2.21936,Snaking_E1_4_E2_4_Fric_5_load_3.jpg
1229,0.18,0.15,14,25,4,17.99,2.94404,Snaking_E1_4_E2_4_Fric_5_load_4.jpg
1230,0.18,0.15,6,30,0,0,0,Snaking_E1_4_E2_4_Fric_6_load_0.jpg
1231,0.18,0.15,8,30,6,13.87,0.69991,Snaking_E1_4_E2_4_Fric_6_load_1.jpg
1232,0.18,0.15,10,30,9,34.1,2.3849,Snaking_E1_4_E2_4_Fric_6_load_2.jpg
1233,0.18,0.15,12,30,9,41.37,2.43035,Snaking_E1_4_E2_4_Fric_6_load_3.jpg
1234,0.18,0.15,14,30,9,35.24,2.76906,Snaking_E1_4_E2_4_Fric_6_load_4.jpg
1235,0.18,0.15,6,35,0,0,0,Snaking_E1_4_E2_4_Fric_7_load_0.jpg
1236,0.18,0.15,8,35,6,15.37,0.853,Snaking_E1_4_E2_4_Fric_7_load_1.jpg
1237,0.18,0.15,10,35,6,24.09,2.32971,Snaking_E1_4_E2_4_Fric_7_load_2.jpg
1238,0.18,0.15,12,35,8,40.25,2.79638,Snaking_E1_4_E2_4_Fric_7_load_3.jpg
1239,0.18,0.15,14,35,7,45.53,4.83494,Snaking_E1_4_E2_4_Fric_7_load_4.jpg
1240,0.18,0.15,6,40,0,0,0,Snaking_E1_4_E2_4_Fric_8_load_0.jpg
1241,0.18,0.15,8,40,6,14.38,0.686831,Snaking_E1_4_E2_4_Fric_8_load_1.jpg
1242,0.18,0.15,10,40,9,31.6,2.19352,Snaking_E1_4_E2_4_Fric_8_load_2.jpg
1243,0.18,0.15,12,40,9,40.09,2.47054,Snaking_E1_4_E2_4_Fric_8_load_3.jpg
1244,0.18,0.15,14,40,8,41.39,3.68195,Snaking_E1_4_E2_4_Fric_8_load_4.jpg
1245,0.18,0.15,6,45,0,0,0,Snaking_E1_4_E2_4_Fric_9_load_0.jpg
1246,0.18,0.15,8,45,6,14.88,0.698715,Snaking_E1_4_E2_4_Fric_9_load_1.jpg
1247,0.18,0.15,10,45,9,33.61,2.4972,Snaking_E1_4_E2_4_Fric_9_load_2.jpg
1248,0.18,0.15,12,45,7,32.1,3.11496,Snaking_E1_4_E2_4_Fric_9_load_3.jpg
1249,0.18,0.15,14,45,10,43.37,2.63529,Snaking_E1_4_E2_4_Fric_9_load_4.jpg
